"Date","Price","Open","High","Low","Vol.","Change %"
"08/11/2025","3,349.10","3,398.50","3,405.10","3,340.82","","-1.25%"
"08/10/2025","3,391.57","3,400.22","3,401.52","3,390.52","","-0.21%"
"08/08/2025","3,398.78","3,397.28","3,408.83","3,379.61","","0.04%"
"08/07/2025","3,397.31","3,366.11","3,402.71","3,364.77","","0.84%"
"08/06/2025","3,369.04","3,379.69","3,385.47","3,358.26","","-0.36%"
"08/05/2025","3,381.27","3,373.38","3,390.62","3,349.89","","0.23%"
"08/04/2025","3,373.37","3,365.10","3,385.56","3,345.00","","0.33%"
"08/03/2025","3,362.13","3,364.30","3,364.41","3,354.62","","-0.02%"
"08/01/2025","3,362.88","3,290.83","3,363.55","3,281.55","","2.21%"
"07/31/2025","3,290.32","3,275.91","3,314.98","3,273.77","","0.46%"
"07/30/2025","3,275.25","3,324.01","3,334.21","3,268.15","","-1.55%"
"07/29/2025","3,326.84","3,316.54","3,334.21","3,307.95","","0.37%"
"07/28/2025","3,314.64","3,335.00","3,345.56","3,301.66","","-0.68%"
"07/25/2025","3,337.18","3,369.29","3,373.73","3,325.05","","-0.92%"
"07/24/2025","3,368.15","3,387.79","3,393.47","3,351.40","","-0.58%"
"07/23/2025","3,387.78","3,431.26","3,439.09","3,381.45","","-1.27%"
"07/22/2025","3,431.50","3,395.81","3,433.56","3,383.29","","1.05%"
"07/21/2025","3,395.80","3,348.62","3,401.85","3,344.48","","1.36%"
"07/18/2025","3,350.40","3,338.76","3,361.41","3,331.75","","0.34%"
"07/17/2025","3,338.95","3,346.59","3,352.50","3,309.90","","-0.23%"
"07/16/2025","3,346.58","3,322.63","3,377.50","3,319.69","","0.72%"
"07/15/2025","3,322.63","3,343.80","3,366.58","3,320.27","","-0.63%"
"07/14/2025","3,343.80","3,355.91","3,374.94","3,341.10","","-0.36%"
"07/11/2025","3,355.91","3,325.63","3,368.89","3,321.37","","0.99%"
"07/10/2025","3,323.07","3,313.70","3,330.47","3,310.23","","0.28%"
"07/09/2025","3,313.72","3,298.73","3,317.05","3,282.80","","0.39%"
"07/08/2025","3,300.70","3,335.99","3,345.94","3,287.17","","-1.05%"
"07/07/2025","3,335.61","3,335.95","3,343.29","3,296.41","","-0.03%"
"07/04/2025","3,336.64","3,326.44","3,345.15","3,323.59","","0.30%"
"07/03/2025","3,326.57","3,357.36","3,365.81","3,311.70","","-0.92%"
"07/02/2025","3,357.36","3,338.36","3,360.08","3,327.60","","0.54%"
"07/01/2025","3,339.21","3,302.87","3,358.09","3,301.52","","1.08%"
"06/30/2025","3,303.69","3,272.65","3,309.58","3,247.86","","0.90%"
"06/27/2025","3,274.25","3,328.06","3,328.88","3,255.72","","-1.62%"
"06/26/2025","3,328.06","3,332.47","3,350.47","3,310.01","","-0.13%"
"06/25/2025","3,332.46","3,324.20","3,337.23","3,312.00","","0.25%"
"06/24/2025","3,324.20","3,368.79","3,371.01","3,295.38","","-1.33%"
"06/23/2025","3,368.88","3,367.17","3,399.25","3,347.25","","0.02%"
"06/20/2025","3,368.23","3,370.82","3,374.63","3,340.38","","-0.07%"
"06/19/2025","3,370.75","3,369.08","3,388.07","3,347.59","","0.05%"
"06/18/2025","3,369.09","3,390.40","3,400.05","3,362.54","","-0.58%"
"06/17/2025","3,388.74","3,383.20","3,403.39","3,366.25","","0.16%"
"06/16/2025","3,383.20","3,431.54","3,451.62","3,382.40","","-1.44%"
"06/13/2025","3,432.64","3,385.30","3,447.02","3,379.79","","1.40%"
"06/12/2025","3,385.29","3,357.24","3,399.16","3,338.64","","0.94%"
"06/11/2025","3,353.84","3,322.52","3,360.82","3,315.23","","0.93%"
"06/10/2025","3,323.02","3,328.58","3,349.28","3,301.92","","-0.16%"
"06/09/2025","3,328.33","3,311.51","3,338.43","3,293.70","","0.55%"
"06/06/2025","3,310.17","3,354.26","3,375.74","3,306.87","","-1.31%"
"06/05/2025","3,354.16","3,376.55","3,403.55","3,339.20","","-0.66%"
"06/04/2025","3,376.54","3,352.56","3,384.84","3,343.76","","0.72%"
"06/03/2025","3,352.25","3,379.99","3,392.53","3,333.08","","-0.83%"
"06/02/2025","3,380.21","3,289.80","3,383.24","3,289.41","","2.76%"
"05/30/2025","3,289.40","3,319.51","3,322.95","3,271.55","","-0.83%"
"05/29/2025","3,317.02","3,286.36","3,330.94","3,245.55","","0.83%"
"05/28/2025","3,289.76","3,300.70","3,325.68","3,276.31","","-0.33%"
"05/27/2025","3,300.68","3,344.00","3,350.21","3,285.70","","-1.26%"
"05/26/2025","3,342.94","3,354.30","3,357.03","3,323.91","","-0.43%"
"05/23/2025","3,357.42","3,297.15","3,366.39","3,287.24","","1.89%"
"05/22/2025","3,295.00","3,316.49","3,345.62","3,279.55","","-0.60%"
"05/21/2025","3,314.99","3,290.12","3,325.14","3,285.51","","0.76%"
"05/20/2025","3,290.12","3,229.85","3,295.98","3,204.40","","1.87%"
"05/19/2025","3,229.85","3,214.60","3,249.91","3,205.98","","0.85%"
"05/16/2025","3,202.77","3,239.11","3,252.27","3,154.32","","-1.18%"
"05/15/2025","3,240.87","3,178.06","3,241.26","3,120.52","","1.95%"
"05/14/2025","3,178.75","3,248.37","3,257.39","3,167.95","","-2.15%"
"05/13/2025","3,248.47","3,233.40","3,265.44","3,215.96","","0.43%"
"05/12/2025","3,234.70","3,324.98","3,325.42","3,207.67","","-2.70%"
"05/09/2025","3,324.63","3,305.51","3,347.64","3,274.94","","0.58%"
"05/08/2025","3,305.52","3,366.95","3,414.96","3,288.80","","-1.77%"
"05/07/2025","3,365.21","3,430.21","3,438.59","3,360.20","","-1.89%"
"05/06/2025","3,430.21","3,336.39","3,435.17","3,322.98","","2.87%"
"05/05/2025","3,334.50","3,240.00","3,337.81","3,237.81","","2.89%"
"05/02/2025","3,240.88","3,238.55","3,269.49","3,222.75","","0.00%"
"05/01/2025","3,241.00","3,288.55","3,290.94","3,202.09","","-1.45%"
"04/30/2025","3,288.59","3,316.92","3,328.36","3,267.09","","-0.86%"
"04/29/2025","3,317.18","3,341.67","3,349.08","3,299.23","","-0.73%"
"04/28/2025","3,341.67","3,328.40","3,353.33","3,267.81","","0.67%"
"04/25/2025","3,319.45","3,347.20","3,371.15","3,265.25","","-0.89%"
"04/24/2025","3,349.10","3,288.43","3,367.59","3,287.77","","1.85%"
"04/23/2025","3,288.26","3,382.55","3,386.89","3,260.50","","-2.79%"
"04/22/2025","3,382.54","3,421.57","3,500.33","3,366.74","","-1.22%"
"04/21/2025","3,424.30","3,334.41","3,430.93","3,327.82","","2.91%"
"04/17/2025","3,327.54","3,344.41","3,358.00","3,283.87","","-0.47%"
"04/16/2025","3,343.22","3,226.25","3,345.19","3,226.25","121.32K","3.58%"
"04/15/2025","3,227.60","3,210.21","3,234.16","3,209.36","121.32K","0.57%"
"04/14/2025","3,209.28","3,237.35","3,245.84","3,193.41","","-0.83%"
"04/11/2025","3,236.21","3,174.14","3,245.69","3,174.14","","1.96%"
"04/10/2025","3,173.92","3,083.75","3,176.94","3,071.03","","2.98%"
"04/09/2025","3,082.18","2,984.08","3,099.87","2,970.01","","3.30%"
"04/08/2025","2,983.78","2,983.39","3,022.84","2,974.45","","0.04%"
"04/07/2025","2,982.54","3,038.02","3,055.88","2,956.60","","-1.80%"
"04/04/2025","3,037.36","3,113.16","3,137.10","3,015.64","","-2.42%"
"04/03/2025","3,112.83","3,134.16","3,168.04","3,054.19","","-0.66%"
"04/02/2025","3,133.57","3,111.00","3,140.36","3,104.81","","0.74%"
"04/01/2025","3,110.55","3,123.36","3,149.11","3,100.85","","-0.40%"
"03/31/2025","3,123.05","3,086.54","3,128.29","3,076.62","","1.27%"
"03/28/2025","3,084.03","3,056.35","3,086.93","3,053.91","","0.91%"
"03/27/2025","3,056.10","3,019.56","3,059.75","3,017.26","","1.22%"
"03/26/2025","3,019.29","3,020.13","3,032.23","3,012.38","","-0.02%"
"03/25/2025","3,019.85","3,012.40","3,035.94","3,007.53","","0.25%"
"03/24/2025","3,012.27","3,023.03","3,033.44","3,002.34","","-0.38%"
"03/21/2025","3,023.63","3,042.60","3,047.66","2,999.46","","-0.68%"
"03/20/2025","3,044.41","3,046.31","3,057.51","3,025.56","","-0.09%"
"03/19/2025","3,047.18","3,032.20","3,052.30","3,022.73","","0.44%"
"03/18/2025","3,033.95","2,999.11","3,038.45","2,999.11","","1.08%"
"03/17/2025","3,001.47","2,985.80","3,002.23","2,982.13","","0.57%"
"03/14/2025","2,984.42","2,988.38","3,005.08","2,978.41","","-0.11%"
"03/13/2025","2,987.75","2,932.66","2,989.64","2,932.03","","1.90%"
"03/12/2025","2,932.06","2,916.85","2,940.83","2,906.19","","0.55%"
"03/11/2025","2,916.04","2,888.72","2,922.22","2,880.34","","0.92%"
"03/10/2025","2,889.40","2,912.17","2,918.50","2,880.30","","-0.73%"
"03/07/2025","2,910.79","2,910.48","2,930.56","2,896.71","","0.03%"
"03/06/2025","2,909.99","2,918.98","2,926.88","2,891.34","","-0.30%"
"03/05/2025","2,918.84","2,917.59","2,929.94","2,894.19","","0.05%"
"03/04/2025","2,917.49","2,894.05","2,928.15","2,881.81","","0.82%"
"03/03/2025","2,893.71","2,856.71","2,895.45","2,855.63","","1.23%"
"02/28/2025","2,858.60","2,877.66","2,885.34","2,832.63","","-0.61%"
"02/27/2025","2,876.19","2,916.80","2,920.96","2,867.86","","-1.37%"
"02/26/2025","2,916.19","2,915.42","2,930.22","2,890.99","","0.04%"
"02/25/2025","2,915.12","2,951.82","2,954.44","2,888.06","","-1.22%"
"02/24/2025","2,951.19","2,936.41","2,956.37","2,920.77","","0.52%"
"02/21/2025","2,936.03","2,939.00","2,950.01","2,916.70","","-0.09%"
"02/20/2025","2,938.70","2,932.81","2,954.97","2,924.20","","0.21%"
"02/19/2025","2,932.64","2,935.73","2,947.23","2,918.50","","-0.10%"
"02/18/2025","2,935.58","2,897.51","2,937.46","2,891.94","","1.31%"
"02/17/2025","2,897.66","2,883.55","2,906.69","2,887.20","","0.50%"
"02/14/2025","2,883.18","2,929.19","2,940.23","2,876.96","","-1.57%"
"02/13/2025","2,929.03","2,904.10","2,929.74","2,900.20","","0.87%"
"02/12/2025","2,903.66","2,898.90","2,909.16","2,864.01","","0.18%"
"02/11/2025","2,898.34","2,907.47","2,943.25","2,881.76","","-0.31%"
"02/10/2025","2,907.34","2,864.08","2,911.60","2,854.69","","1.64%"
"02/07/2025","2,860.39","2,856.60","2,886.96","2,852.55","","0.14%"
"02/06/2025","2,856.50","2,865.26","2,873.74","2,834.40","","-0.30%"
"02/05/2025","2,865.09","2,842.06","2,882.53","2,839.32","","0.81%"
"02/04/2025","2,841.94","2,814.80","2,845.57","2,806.90","","1.01%"
"02/03/2025","2,813.49","2,801.40","2,831.70","2,771.69","","0.45%"
"01/31/2025","2,801.00","2,794.04","2,817.57","2,790.78","","0.25%"
"01/30/2025","2,793.88","2,757.90","2,798.80","2,757.24","","1.31%"
"01/29/2025","2,757.71","2,763.48","2,766.53","2,744.71","","-0.20%"
"01/28/2025","2,763.11","2,742.57","2,765.18","2,734.68","","0.80%"
"01/27/2025","2,741.10","2,770.70","2,773.02","2,729.80","","-1.09%"
"01/24/2025","2,771.30","2,754.06","2,786.04","2,752.56","","0.64%"
"01/23/2025","2,753.69","2,755.96","2,759.06","2,735.85","","-0.05%"
"01/22/2025","2,755.02","2,745.08","2,763.72","2,741.83","121.32K","0.39%"
"01/21/2025","2,744.39","2,709.01","2,746.88","2,702.49","121.32K","1.34%"
"01/20/2025","2,708.06","2,702.51","2,714.40","2,689.32","121.32K","0.24%"
"01/17/2025","2,701.55","2,713.85","2,717.73","2,698.41","121.32K","-0.45%"
"01/16/2025","2,713.77","2,695.96","2,724.86","2,690.00","121.32K","0.67%"
"01/15/2025","2,695.82","2,677.29","2,697.85","2,669.04","121.32K","0.70%"
"01/14/2025","2,677.16","2,662.53","2,678.44","2,659.79","121.32K","0.56%"
"01/13/2025","2,662.12","2,689.35","2,693.77","2,656.73","121.32K","-1.02%"
"01/10/2025","2,689.63","2,670.74","2,698.57","2,663.65","121.32K","0.73%"
"01/09/2025","2,670.19","2,662.20","2,675.42","2,662.35","121.32K","0.31%"
"01/08/2025","2,662.06","2,649.85","2,670.60","2,645.03","121.32K","0.47%"
"01/07/2025","2,649.49","2,636.02","2,664.54","2,632.57","","0.54%"
"01/06/2025","2,635.33","2,641.00","2,649.62","2,614.60","","-0.14%"
"01/03/2025","2,639.12","2,657.29","2,665.47","2,636.40","","-0.68%"
"01/02/2025","2,657.16","2,626.60","2,660.85","2,621.51","","1.27%"
"12/31/2024","2,623.81","2,606.13","2,627.85","2,602.50","","0.71%"
"12/30/2024","2,605.39","2,620.30","2,628.61","2,595.90","","-0.56%"
"12/27/2024","2,620.00","2,634.59","2,638.74","2,611.30","","-0.55%"
"12/26/2024","2,634.43","2,619.79","2,639.40","2,614.13","","0.81%"
"12/24/2024","2,613.20","2,613.07","2,621.83","2,609.92","","0.01%"
"12/23/2024","2,612.93","2,622.24","2,633.60","2,607.97","","-0.30%"
"12/20/2024","2,620.77","2,593.97","2,631.92","2,589.56","","1.04%"
"12/19/2024","2,593.85","2,587.87","2,626.73","2,583.49","","0.24%"
"12/18/2024","2,587.63","2,645.68","2,652.08","2,586.52","","-2.19%"
"12/17/2024","2,645.54","2,652.63","2,659.22","2,633.00","","-0.26%"
"12/16/2024","2,652.50","2,649.10","2,664.83","2,643.34","","0.16%"
"12/13/2024","2,648.39","2,681.47","2,693.02","2,645.90","","-1.23%"
"12/12/2024","2,681.33","2,718.07","2,726.31","2,675.04","","-1.35%"
"12/11/2024","2,717.93","2,693.76","2,721.35","2,674.58","","0.90%"
"12/10/2024","2,693.64","2,658.82","2,695.79","2,657.95","","1.31%"
"12/09/2024","2,658.78","2,635.52","2,676.52","2,627.47","","0.98%"
"12/06/2024","2,632.91","2,632.18","2,645.69","2,613.57","","0.03%"
"12/05/2024","2,632.05","2,649.92","2,655.62","2,623.55","","-0.67%"
"12/04/2024","2,649.79","2,643.57","2,657.36","2,632.50","","0.24%"
"12/03/2024","2,643.44","2,639.05","2,655.71","2,634.12","121.32K","0.17%"
"12/02/2024","2,638.93","2,653.82","2,656.21","2,621.90","","-0.55%"
"11/29/2024","2,653.55","2,641.20","2,666.35","2,634.11","","0.48%"
"11/28/2024","2,640.96","2,635.74","2,650.12","2,620.95","","0.21%"
"11/27/2024","2,635.51","2,632.16","2,658.40","2,627.06","","0.14%"
"11/26/2024","2,631.89","2,625.38","2,642.05","2,605.29","","0.25%"
"11/25/2024","2,625.26","2,715.10","2,721.43","2,615.70","","-3.22%"
"11/22/2024","2,712.55","2,669.84","2,712.91","2,667.38","","1.61%"
"11/21/2024","2,669.69","2,650.19","2,673.86","2,647.95","","0.74%"
"11/20/2024","2,650.05","2,631.80","2,655.50","2,618.70","","0.70%"
"11/19/2024","2,631.68","2,612.29","2,639.69","2,610.25","","0.75%"
"11/18/2024","2,612.20","2,561.59","2,615.17","2,561.59","","1.99%"
"11/15/2024","2,561.24","2,566.54","2,576.09","2,554.58","","-0.19%"
"11/14/2024","2,566.19","2,573.91","2,581.61","2,536.91","","-0.29%"
"11/13/2024","2,573.78","2,597.41","2,618.97","2,573.00","","-0.90%"
"11/12/2024","2,597.27","2,620.31","2,627.24","2,589.79","","-0.88%"
"11/11/2024","2,620.20","2,684.81","2,686.51","2,610.62","","-2.37%"
"11/08/2024","2,683.77","2,707.37","2,710.51","2,680.36","","-0.86%"
"11/07/2024","2,706.99","2,659.36","2,710.20","2,643.50","","1.80%"
"11/06/2024","2,659.24","2,743.88","2,749.80","2,652.44","","-3.07%"
"11/05/2024","2,743.59","2,736.58","2,750.06","2,724.75","","0.26%"
"11/04/2024","2,736.39","2,734.10","2,748.30","2,729.78","","0.05%"
"11/01/2024","2,735.16","2,742.50","2,762.29","2,733.20","","-0.32%"
"10/31/2024","2,743.80","2,787.75","2,790.41","2,731.65","","-1.52%"
"10/30/2024","2,786.19","2,775.01","2,790.09","2,770.65","","0.40%"
"10/29/2024","2,775.13","2,743.70","2,775.89","2,739.82","","1.21%"
"10/28/2024","2,741.98","2,734.84","2,746.06","2,724.72","","-0.21%"
"10/25/2024","2,747.69","2,736.10","2,747.97","2,716.97","","0.44%"
"10/24/2024","2,735.70","2,717.99","2,743.38","2,715.72","","0.67%"
"10/23/2024","2,717.54","2,749.52","2,758.53","2,708.79","","-1.12%"
"10/22/2024","2,748.38","2,720.00","2,749.47","2,718.93","","1.06%"
"10/21/2024","2,719.65","2,721.71","2,740.61","2,714.23","","-0.02%"
"10/18/2024","2,720.25","2,692.41","2,722.87","2,691.48","","1.03%"
"10/17/2024","2,692.55","2,674.05","2,696.80","2,673.00","","0.72%"
"10/16/2024","2,673.24","2,663.00","2,685.73","2,658.71","","0.46%"
"10/15/2024","2,660.99","2,651.75","2,669.07","2,638.31","","0.37%"
"10/14/2024","2,651.05","2,657.21","2,666.94","2,643.16","","-0.19%"
"10/11/2024","2,656.00","2,630.80","2,661.55","2,627.65","","1.01%"
"10/10/2024","2,629.48","2,608.14","2,631.63","2,604.15","","0.83%"
"10/09/2024","2,607.77","2,620.19","2,624.65","2,605.18","","-0.54%"
"10/08/2024","2,621.94","2,643.50","2,653.09","2,604.79","","-0.82%"
"10/07/2024","2,643.58","2,651.20","2,659.91","2,637.70","","-0.33%"
"10/04/2024","2,652.25","2,654.39","2,670.15","2,632.00","","-0.14%"
"10/03/2024","2,655.90","2,658.66","2,663.40","2,639.73","","-0.07%"
"10/02/2024","2,657.75","2,661.15","2,663.85","2,641.18","","-0.19%"
"10/01/2024","2,662.82","2,635.41","2,673.20","2,631.98","","1.08%"
"09/30/2024","2,634.49","2,658.30","2,666.11","2,624.78","","-0.88%"
"09/27/2024","2,657.97","2,669.50","2,674.40","2,643.15","","-0.46%"
"09/26/2024","2,670.20","2,657.32","2,685.96","2,654.56","","0.50%"
"09/25/2024","2,656.82","2,655.90","2,670.60","2,649.84","","0.00%"
"09/24/2024","2,656.70","2,628.92","2,664.47","2,622.58","","1.08%"
"09/23/2024","2,628.40","2,621.81","2,635.54","2,613.60","","0.25%"
"09/20/2024","2,621.96","2,587.50","2,625.79","2,584.81","","1.37%"
"09/19/2024","2,586.48","2,559.07","2,594.89","2,551.26","","1.08%"
"09/18/2024","2,558.80","2,571.73","2,600.21","2,546.98","","-0.42%"
"09/17/2024","2,569.52","2,582.46","2,587.01","2,560.84","","-0.51%"
"09/16/2024","2,582.58","2,578.06","2,589.78","2,575.40","","0.24%"
"09/13/2024","2,576.50","2,556.52","2,586.18","2,556.52","","0.69%"
"09/12/2024","2,558.75","2,512.02","2,560.21","2,511.02","","1.88%"
"09/11/2024","2,511.44","2,515.70","2,529.40","2,501.01","","-0.19%"
"09/10/2024","2,516.12","2,506.84","2,518.57","2,500.16","","0.43%"
"09/09/2024","2,505.25","2,497.32","2,507.42","2,485.60","","0.33%"
"09/06/2024","2,497.03","2,516.90","2,529.30","2,485.15","","-0.77%"
"09/05/2024","2,516.32","2,495.50","2,523.54","2,493.76","","0.89%"
"09/04/2024","2,494.19","2,492.94","2,500.20","2,471.95","","0.06%"
"09/03/2024","2,492.76","2,500.50","2,506.44","2,473.25","","-0.26%"
"09/02/2024","2,499.29","2,502.74","2,507.50","2,490.14","","-0.15%"
"08/30/2024","2,503.03","2,520.89","2,527.07","2,494.36","","-0.72%"
"08/29/2024","2,521.18","2,504.65","2,528.77","2,503.65","","0.76%"
"08/28/2024","2,502.25","2,522.74","2,529.15","2,493.66","","-0.88%"
"08/27/2024","2,524.57","2,518.30","2,526.27","2,503.41","","0.31%"
"08/26/2024","2,516.89","2,511.43","2,527.76","2,508.71","","0.19%"
"08/23/2024","2,512.07","2,482.20","2,518.45","2,481.20","","1.16%"
"08/22/2024","2,483.29","2,512.50","2,514.82","2,470.86","","-1.14%"
"08/21/2024","2,511.95","2,512.82","2,520.09","2,494.15","","-0.07%"
"08/20/2024","2,513.74","2,501.55","2,532.05","2,497.33","","0.39%"
"08/19/2024","2,503.92","2,508.40","2,510.45","2,485.83","","-0.13%"
"08/16/2024","2,507.28","2,456.57","2,509.89","2,450.76","","2.08%"
"08/15/2024","2,456.10","2,448.15","2,470.25","2,432.19","","0.35%"
"08/14/2024","2,447.64","2,467.40","2,478.49","2,438.12","","-0.71%"
"08/13/2024","2,465.03","2,472.64","2,477.02","2,458.50","","-0.29%"
"08/12/2024","2,472.25","2,431.21","2,473.48","2,423.84","","1.70%"
"08/09/2024","2,430.93","2,427.29","2,437.15","2,416.93","","0.17%"
"08/08/2024","2,426.75","2,382.43","2,427.80","2,380.70","","1.90%"
"08/07/2024","2,381.53","2,389.67","2,407.05","2,379.05","","-0.33%"
"08/06/2024","2,389.37","2,410.01","2,418.35","2,381.79","","-0.76%"
"08/05/2024","2,407.65","2,443.27","2,458.80","2,364.40","","-1.46%"
"08/02/2024","2,443.29","2,445.16","2,477.72","2,410.83","","-0.09%"
"08/01/2024","2,445.42","2,448.10","2,462.40","2,430.25","","-0.11%"
"07/31/2024","2,448.10","2,410.09","2,451.00","2,410.17","","1.65%"
"07/30/2024","2,408.43","2,383.66","2,413.00","2,376.51","","1.04%"
"07/29/2024","2,383.54","2,387.20","2,403.23","2,369.77","","-0.09%"
"07/26/2024","2,385.57","2,364.30","2,390.82","2,355.89","","0.89%"
"07/25/2024","2,364.50","2,398.49","2,401.32","2,353.19","","-1.38%"
"07/24/2024","2,397.59","2,408.94","2,432.05","2,396.50","","-0.48%"
"07/23/2024","2,409.21","2,396.80","2,412.15","2,388.26","","0.48%"
"07/22/2024","2,397.65","2,400.41","2,412.32","2,384.00","","-0.13%"
"07/19/2024","2,400.79","2,445.34","2,446.29","2,393.92","","-1.81%"
"07/18/2024","2,444.97","2,460.13","2,475.02","2,440.41","","-0.55%"
"07/17/2024","2,458.38","2,476.22","2,483.78","2,451.60","","-0.41%"
"07/16/2024","2,468.57","2,424.80","2,469.91","2,423.54","","1.92%"
"07/15/2024","2,422.07","2,409.50","2,439.74","2,401.35","","0.45%"
"07/12/2024","2,411.27","2,416.47","2,418.37","2,391.52","","-0.15%"
"07/11/2024","2,414.78","2,371.58","2,424.62","2,370.83","","1.84%"
"07/10/2024","2,371.07","2,363.80","2,386.75","2,362.73","","0.32%"
"07/09/2024","2,363.58","2,358.60","2,371.52","2,349.59","","0.20%"
"07/08/2024","2,358.80","2,391.77","2,391.85","2,351.16","","-1.37%"
"07/05/2024","2,391.46","2,358.01","2,393.04","2,354.03","","1.50%"
"07/04/2024","2,356.12","2,353.70","2,362.64","2,350.76","","0.00%"
"07/03/2024","2,356.06","2,328.00","2,365.06","2,326.93","","1.15%"
"07/02/2024","2,329.28","2,332.05","2,336.90","2,319.24","","-0.10%"
"07/01/2024","2,331.70","2,326.46","2,338.72","2,318.55","","0.26%"
"06/28/2024","2,325.71","2,327.75","2,339.79","2,319.15","","-0.07%"
"06/27/2024","2,327.45","2,299.80","2,331.00","2,296.50","","1.29%"
"06/26/2024","2,297.91","2,320.00","2,323.95","2,293.70","","-0.91%"
"06/25/2024","2,319.01","2,333.25","2,337.26","2,315.56","","-0.60%"
"06/24/2024","2,332.93","2,321.60","2,335.02","2,317.37","","0.54%"
"06/21/2024","2,320.34","2,360.30","2,368.85","2,316.76","","-1.66%"
"06/20/2024","2,359.63","2,329.15","2,365.52","2,327.30","","1.38%"
"06/19/2024","2,327.48","2,329.79","2,335.10","2,323.84","","-0.04%"
"06/18/2024","2,328.33","2,319.38","2,333.25","2,306.63","","0.41%"
"06/17/2024","2,318.87","2,332.20","2,333.48","2,310.02","","-0.59%"
"06/14/2024","2,332.52","2,302.52","2,336.87","2,301.35","","1.27%"
"06/13/2024","2,303.19","2,325.70","2,326.70","2,295.68","","-0.83%"
"06/12/2024","2,322.55","2,315.53","2,341.70","2,310.80","","0.27%"
"06/11/2024","2,316.27","2,311.00","2,320.17","2,297.69","","0.25%"
"06/10/2024","2,310.60","2,296.00","2,313.87","2,287.31","","0.78%"
"06/07/2024","2,292.71","2,376.50","2,387.85","2,286.77","","-3.49%"
"06/06/2024","2,375.61","2,355.16","2,378.57","2,353.60","","0.88%"
"06/05/2024","2,354.78","2,328.00","2,358.07","2,325.88","","1.16%"
"06/04/2024","2,327.68","2,349.00","2,351.76","2,315.53","","-0.96%"
"06/03/2024","2,350.35","2,329.61","2,354.82","2,314.76","","1.00%"
"05/31/2024","2,326.97","2,345.07","2,353.24","2,323.96","","-0.68%"
"05/30/2024","2,343.00","2,339.67","2,351.83","2,322.72","","0.18%"
"05/29/2024","2,338.77","2,361.00","2,362.86","2,334.75","","-0.94%"
"05/28/2024","2,360.95","2,352.29","2,364.12","2,340.17","","0.43%"
"05/27/2024","2,350.74","2,334.50","2,358.56","2,332.36","","0.73%"
"05/24/2024","2,333.76","2,328.40","2,347.54","2,325.40","","0.23%"
"05/23/2024","2,328.37","2,378.60","2,383.86","2,327.00","","-2.10%"
"05/22/2024","2,378.25","2,423.75","2,426.64","2,374.98","","-1.79%"
"05/21/2024","2,421.64","2,426.84","2,434.00","2,406.32","","-0.14%"
"05/20/2024","2,425.12","2,415.02","2,450.13","2,407.34","","0.42%"
"05/17/2024","2,414.89","2,376.81","2,422.87","2,373.96","","1.62%"
"05/16/2024","2,376.44","2,386.42","2,397.44","2,371.01","","-0.40%"
"05/15/2024","2,386.04","2,358.20","2,390.36","2,351.82","","1.19%"
"05/14/2024","2,357.97","2,338.20","2,359.83","2,334.55","","0.94%"
"05/13/2024","2,336.05","2,362.70","2,364.94","2,332.34","","-1.02%"
"05/10/2024","2,360.14","2,346.26","2,378.45","2,345.25","","0.61%"
"05/09/2024","2,345.88","2,309.04","2,347.59","2,306.67","","1.61%"
"05/08/2024","2,308.65","2,314.70","2,321.56","2,303.85","","-0.22%"
"05/07/2024","2,313.79","2,322.50","2,330.06","2,310.06","","-0.42%"
"05/06/2024","2,323.57","2,302.50","2,331.99","2,291.79","","0.96%"
"05/03/2024","2,301.56","2,303.20","2,321.64","2,277.47","","-0.08%"
"05/02/2024","2,303.29","2,319.89","2,326.57","2,285.58","","-0.63%"
"05/01/2024","2,317.90","2,285.91","2,328.40","2,281.66","","1.41%"
"04/30/2024","2,285.57","2,335.10","2,336.54","2,284.94","","-2.09%"
"04/29/2024","2,334.44","2,337.50","2,346.85","2,320.08","","-0.14%"
"04/26/2024","2,337.72","2,332.16","2,352.62","2,326.30","","0.25%"
"04/25/2024","2,331.78","2,316.20","2,344.86","2,305.28","","0.69%"
"04/24/2024","2,315.82","2,322.19","2,337.16","2,311.90","","-0.26%"
"04/23/2024","2,321.81","2,326.62","2,334.48","2,291.40","","-0.19%"
"04/22/2024","2,326.29","2,388.20","2,388.72","2,325.29","","-2.68%"
"04/19/2024","2,390.45","2,378.60","2,417.79","2,372.96","","0.51%"
"04/18/2024","2,378.25","2,360.74","2,392.84","2,360.70","","0.74%"
"04/17/2024","2,360.81","2,383.20","2,395.63","2,354.84","","-0.92%"
"04/16/2024","2,382.83","2,382.86","2,398.34","2,362.95","","0.01%"
"04/15/2024","2,382.51","2,343.86","2,387.59","2,324.59","","1.67%"
"04/12/2024","2,343.43","2,373.59","2,431.53","2,333.90","","-1.26%"
"04/11/2024","2,373.24","2,333.17","2,377.80","2,325.84","","1.73%"
"04/10/2024","2,332.79","2,352.91","2,360.15","2,319.54","","-0.84%"
"04/09/2024","2,352.58","2,339.24","2,365.34","2,336.94","","0.59%"
"04/08/2024","2,338.89","2,322.00","2,354.09","2,302.86","","0.40%"
"04/05/2024","2,329.50","2,289.88","2,330.34","2,267.85","","1.75%"
"04/04/2024","2,289.43","2,299.62","2,305.31","2,280.15","","-0.42%"
"04/03/2024","2,299.17","2,279.57","2,301.22","2,265.50","","0.84%"
"04/02/2024","2,280.10","2,250.88","2,281.17","2,246.79","","1.32%"
"04/01/2024","2,250.36","2,239.59","2,265.86","2,228.54","","0.81%"
"03/28/2024","2,232.38","2,194.19","2,235.90","2,187.33","","1.75%"
"03/27/2024","2,194.02","2,179.03","2,197.71","2,173.59","","0.71%"
"03/26/2024","2,178.58","2,171.82","2,200.15","2,167.75","","0.33%"
"03/25/2024","2,171.45","2,165.79","2,181.30","2,163.50","","0.34%"
"03/22/2024","2,164.15","2,181.50","2,186.25","2,157.15","","-0.76%"
"03/21/2024","2,180.81","2,186.00","2,222.90","2,166.50","","-0.24%"
"03/20/2024","2,185.96","2,158.29","2,188.90","2,149.60","","1.33%"
"03/19/2024","2,157.23","2,160.70","2,162.93","2,146.90","","-0.13%"
"03/18/2024","2,159.99","2,156.00","2,163.64","2,146.05","","0.21%"
"03/15/2024","2,155.54","2,162.40","2,173.25","2,155.19","","-0.25%"
"03/14/2024","2,161.01","2,174.29","2,177.10","2,152.86","","-0.62%"
"03/13/2024","2,174.40","2,158.25","2,179.91","2,155.54","","0.76%"
"03/12/2024","2,157.99","2,183.00","2,184.86","2,150.59","","-1.12%"
"03/11/2024","2,182.47","2,177.71","2,189.04","2,174.80","","0.23%"
"03/08/2024","2,177.51","2,159.40","2,195.20","2,154.08","","0.85%"
"03/07/2024","2,159.16","2,148.54","2,164.54","2,144.29","","0.51%"
"03/06/2024","2,148.29","2,127.95","2,152.29","2,123.65","","0.98%"
"03/05/2024","2,127.55","2,115.15","2,142.15","2,110.52","","0.59%"
"03/04/2024","2,114.99","2,082.09","2,119.95","2,079.45","","1.52%"
"03/01/2024","2,083.39","2,043.44","2,088.40","2,038.55","","1.96%"
"02/29/2024","2,043.24","2,034.92","2,050.79","2,027.75","","0.42%"
"02/28/2024","2,034.62","2,030.05","2,038.30","2,024.56","","0.25%"
"02/27/2024","2,029.64","2,030.99","2,039.99","2,028.78","","-0.05%"
"02/26/2024","2,030.66","2,034.49","2,037.59","2,025.10","","-0.25%"
"02/23/2024","2,035.72","2,024.49","2,041.43","2,015.55","","0.57%"
"02/22/2024","2,024.11","2,025.24","2,034.84","2,019.70","","-0.04%"
"02/21/2024","2,024.99","2,023.80","2,032.22","2,020.19","","0.07%"
"02/20/2024","2,023.53","2,017.99","2,030.96","2,015.02","","0.29%"
"02/19/2024","2,017.63","2,013.16","2,023.34","2,011.57","","0.22%"
"02/16/2024","2,013.10","2,004.40","2,015.25","1,995.26","","0.45%"
"02/15/2024","2,004.09","1,992.69","2,008.49","1,990.25","","0.59%"
"02/14/2024","1,992.39","1,992.55","1,996.14","1,984.30","","0.01%"
"02/13/2024","1,992.13","2,019.90","2,030.05","1,990.19","","-1.37%"
"02/12/2024","2,019.79","2,024.53","2,028.09","2,011.91","","-0.22%"
"02/09/2024","2,024.16","2,033.65","2,037.44","2,020.30","","-0.44%"
"02/08/2024","2,033.18","2,034.55","2,038.94","2,019.75","","-0.05%"
"02/07/2024","2,034.22","2,035.90","2,044.65","2,030.65","","-0.06%"
"02/06/2024","2,035.46","2,024.99","2,039.02","2,022.55","","0.53%"
"02/05/2024","2,024.67","2,039.91","2,042.32","2,014.40","","-0.68%"
"02/02/2024","2,038.59","2,055.09","2,058.20","2,027.45","","-0.79%"
"02/01/2024","2,054.89","2,037.59","2,065.42","2,029.55","","0.87%"
"01/31/2024","2,037.19","2,036.58","2,056.08","2,031.00","","0.05%"
"01/30/2024","2,036.12","2,031.97","2,048.48","2,029.19","","0.21%"
"01/29/2024","2,031.75","2,019.40","2,037.75","2,017.38","","0.66%"
"01/26/2024","2,018.34","2,019.94","2,026.80","2,015.97","","-0.07%"
"01/25/2024","2,019.75","2,012.84","2,025.27","2,010.15","","0.36%"
"01/24/2024","2,012.59","2,028.94","2,036.74","2,011.28","","-0.79%"
"01/23/2024","2,028.69","2,021.24","2,037.92","2,019.59","","0.38%"
"01/22/2024","2,020.99","2,029.90","2,032.28","2,016.74","","-0.40%"
"01/19/2024","2,029.09","2,023.05","2,039.49","2,020.37","","0.32%"
"01/18/2024","2,022.67","2,006.09","2,023.45","2,005.43","","0.85%"
"01/17/2024","2,005.72","2,027.90","2,033.05","2,001.91","","-1.08%"
"01/16/2024","2,027.59","2,054.91","2,055.65","2,024.29","","-1.31%"
"01/15/2024","2,054.49","2,048.09","2,059.25","2,045.80","","0.28%"
"01/12/2024","2,048.72","2,028.30","2,062.35","2,027.99","","1.02%"
"01/11/2024","2,028.09","2,023.74","2,039.69","2,013.32","","0.23%"
"01/10/2024","2,023.40","2,029.94","2,040.44","2,020.45","","-0.31%"
"01/09/2024","2,029.59","2,028.40","2,042.09","2,026.11","","0.09%"
"01/08/2024","2,027.84","2,044.08","2,046.71","2,016.84","","-0.86%"
"01/05/2024","2,045.50","2,043.69","2,064.03","2,024.49","","0.11%"
"01/04/2024","2,043.26","2,041.34","2,051.40","2,036.24","","0.12%"
"01/03/2024","2,040.78","2,059.15","2,066.12","2,030.68","","-0.88%"
"01/02/2024","2,058.88","2,062.90","2,079.02","2,056.04","","-0.24%"
"01/01/2024","2,063.80","2,064.24","2,074.90","2,063.30","","0.06%"
"12/29/2023","2,062.59","2,065.15","2,075.15","2,057.75","","-0.11%"
"12/28/2023","2,064.86","2,077.34","2,088.54","2,065.89","","-0.59%"
"12/27/2023","2,077.16","2,066.70","2,084.59","2,061.00","","0.51%"
"12/26/2023","2,066.60","2,055.73","2,068.65","2,053.59","","0.57%"
"12/25/2023","2,054.93","2,054.32","2,058.36","2,053.96","","0.10%"
"12/22/2023","2,052.98","2,045.84","2,070.65","2,045.65","","0.37%"
"12/21/2023","2,045.49","2,029.44","2,046.07","2,029.44","","0.80%"
"12/20/2023","2,029.19","2,040.34","2,043.94","2,029.37","","-0.54%"
"12/19/2023","2,040.12","2,027.30","2,047.07","2,021.74","","0.65%"
"12/18/2023","2,027.00","2,020.09","2,033.71","2,015.99","","0.44%"
"12/15/2023","2,018.19","2,035.80","2,045.55","2,015.68","","-0.85%"
"12/14/2023","2,035.53","2,026.59","2,047.98","2,024.33","","0.45%"
"12/13/2023","2,026.39","1,979.74","2,027.55","1,973.09","","2.37%"
"12/12/2023","1,979.44","1,981.59","1,996.80","1,977.19","","-0.09%"
"12/11/2023","1,981.30","2,003.60","2,008.72","1,975.95","","-1.10%"
"12/08/2023","2,003.39","2,028.69","2,034.19","1,994.74","","-1.23%"
"12/07/2023","2,028.34","2,025.30","2,039.93","2,020.26","","0.17%"
"12/06/2023","2,024.90","2,019.74","2,036.30","2,017.27","","0.27%"
"12/05/2023","2,019.42","2,030.15","2,041.33","2,010.02","","-0.51%"
"12/04/2023","2,029.74","2,071.25","2,135.90","2,020.34","","-1.99%"
"12/01/2023","2,070.90","2,034.49","2,075.34","2,033.75","","1.73%"
"11/30/2023","2,035.75","2,044.80","2,047.59","2,031.84","","-0.43%"
"11/29/2023","2,044.59","2,041.24","2,052.09","2,035.05","","0.18%"
"11/28/2023","2,040.89","2,013.94","2,043.00","2,011.60","","1.35%"
"11/27/2023","2,013.64","2,002.78","2,018.14","2,000.67","","0.58%"
"11/24/2023","2,001.97","1,994.06","2,003.68","1,991.40","","0.51%"
"11/23/2023","1,991.79","1,990.15","1,999.19","1,989.01","","0.10%"
"11/22/2023","1,989.72","1,998.69","2,006.90","1,986.89","","-0.43%"
"11/21/2023","1,998.37","1,977.49","2,007.52","1,977.34","","1.07%"
"11/20/2023","1,977.19","1,980.39","1,985.26","1,965.20","","-0.14%"
"11/17/2023","1,980.01","1,981.21","1,993.94","1,978.59","","-0.04%"
"11/16/2023","1,980.85","1,959.44","1,988.03","1,956.49","","1.11%"
"11/15/2023","1,959.09","1,963.05","1,975.59","1,955.41","","-0.18%"
"11/14/2023","1,962.67","1,946.19","1,970.84","1,943.40","","0.86%"
"11/13/2023","1,945.89","1,937.05","1,949.27","1,931.73","","0.47%"
"11/10/2023","1,936.79","1,958.40","1,960.93","1,933.18","","-1.09%"
"11/09/2023","1,958.19","1,950.09","1,965.69","1,944.30","","0.43%"
"11/08/2023","1,949.79","1,968.84","1,971.12","1,947.48","","-0.95%"
"11/07/2023","1,968.40","1,978.19","1,978.75","1,956.20","","-0.47%"
"11/06/2023","1,977.68","1,992.30","1,993.30","1,977.52","","-0.73%"
"11/03/2023","1,992.27","1,985.69","2,004.06","1,983.26","","0.34%"
"11/02/2023","1,985.51","1,983.53","1,991.49","1,978.90","","0.17%"
"11/01/2023","1,982.15","1,983.01","1,992.09","1,969.90","","-0.03%"
"10/31/2023","1,982.70","1,996.00","2,007.80","1,978.90","","-0.66%"
"10/30/2023","1,995.88","2,004.80","2,007.37","1,990.50","","-0.49%"
"10/27/2023","2,005.78","1,985.17","2,009.48","1,976.35","","1.06%"
"10/26/2023","1,984.82","1,979.97","1,994.05","1,971.60","","0.26%"
"10/25/2023","1,979.62","1,971.36","1,987.19","1,963.34","","0.48%"
"10/24/2023","1,970.11","1,972.97","1,980.99","1,953.50","","-0.13%"
"10/23/2023","1,972.59","1,972.90","1,983.40","1,964.36","","-0.43%"
"10/20/2023","1,981.04","1,974.31","1,997.27","1,971.93","","0.37%"
"10/19/2023","1,973.70","1,947.99","1,977.86","1,945.18","","1.34%"
"10/18/2023","1,947.69","1,923.70","1,962.74","1,923.05","","1.28%"
"10/17/2023","1,923.07","1,920.14","1,931.56","1,911.85","","0.19%"
"10/16/2023","1,919.44","1,929.30","1,931.80","1,907.65","","-0.63%"
"10/13/2023","1,931.70","1,869.02","1,933.76","1,868.94","","3.37%"
"10/12/2023","1,868.65","1,874.10","1,885.30","1,866.92","","-0.26%"
"10/11/2023","1,873.61","1,859.99","1,877.22","1,858.60","","0.73%"
"10/10/2023","1,860.09","1,861.27","1,865.65","1,852.65","","-0.04%"
"10/09/2023","1,860.88","1,832.74","1,864.15","1,832.63","","1.56%"
"10/06/2023","1,832.26","1,820.40","1,834.97","1,810.10","","0.67%"
"10/05/2023","1,820.01","1,820.49","1,829.30","1,812.70","","-0.06%"
"10/04/2023","1,821.08","1,824.30","1,831.05","1,816.15","","-0.10%"
"10/03/2023","1,822.81","1,827.96","1,833.36","1,814.70","","-0.25%"
"10/02/2023","1,827.40","1,848.13","1,849.06","1,826.60","","-1.13%"
"09/29/2023","1,848.31","1,865.43","1,880.24","1,846.34","","-0.87%"
"09/28/2023","1,864.56","1,875.73","1,880.15","1,857.76","","-0.54%"
"09/27/2023","1,874.70","1,900.69","1,903.95","1,872.47","","-1.36%"
"09/26/2023","1,900.49","1,916.03","1,916.89","1,899.17","","-0.79%"
"09/25/2023","1,915.66","1,925.24","1,927.26","1,915.00","","-0.48%"
"09/22/2023","1,924.99","1,920.08","1,929.65","1,919.58","","0.28%"
"09/21/2023","1,919.57","1,930.99","1,931.74","1,913.40","","-0.52%"
"09/20/2023","1,929.68","1,931.69","1,947.80","1,927.90","","-0.07%"
"09/19/2023","1,930.94","1,933.68","1,937.94","1,929.71","","-0.11%"
"09/18/2023","1,933.14","1,924.19","1,934.61","1,922.15","","0.50%"
"09/15/2023","1,923.57","1,910.90","1,930.84","1,909.74","","0.69%"
"09/14/2023","1,910.32","1,906.68","1,912.99","1,900.95","","0.21%"
"09/13/2023","1,906.30","1,913.55","1,916.30","1,905.50","","-0.36%"
"09/12/2023","1,913.26","1,922.90","1,925.05","1,907.15","","-0.44%"
"09/11/2023","1,921.66","1,919.16","1,930.90","1,916.90","","0.20%"
"09/08/2023","1,917.81","1,919.57","1,930.19","1,917.36","","-0.07%"
"09/07/2023","1,919.19","1,916.86","1,923.67","1,916.10","","0.15%"
"09/06/2023","1,916.28","1,926.16","1,929.80","1,914.80","","-0.50%"
"09/05/2023","1,925.81","1,938.59","1,939.13","1,925.22","","-0.64%"
"09/04/2023","1,938.19","1,940.49","1,946.42","1,936.15","","-0.03%"
"09/01/2023","1,938.80","1,940.19","1,953.44","1,934.59","","-0.05%"
"08/31/2023","1,939.74","1,942.61","1,948.19","1,938.86","","-0.13%"
"08/30/2023","1,942.24","1,937.48","1,949.04","1,934.94","","0.26%"
"08/29/2023","1,937.12","1,920.23","1,938.41","1,914.00","","0.91%"
"08/28/2023","1,919.66","1,916.09","1,926.19","1,912.83","","0.27%"
"08/25/2023","1,914.53","1,917.80","1,923.09","1,903.40","","-0.15%"
"08/24/2023","1,917.43","1,914.15","1,923.94","1,911.35","","0.16%"
"08/23/2023","1,914.31","1,897.80","1,920.94","1,897.23","","0.89%"
"08/22/2023","1,897.47","1,895.09","1,905.05","1,888.60","","0.19%"
"08/21/2023","1,893.94","1,889.40","1,899.05","1,884.50","","0.30%"
"08/18/2023","1,888.19","1,889.49","1,897.44","1,886.20","","-0.04%"
"08/17/2023","1,888.89","1,892.20","1,903.90","1,884.50","","-0.15%"
"08/16/2023","1,891.76","1,901.59","1,907.90","1,891.30","","-0.52%"
"08/15/2023","1,901.56","1,907.40","1,912.19","1,896.15","","-0.33%"
"08/14/2023","1,907.90","1,913.67","1,916.55","1,902.20","","-0.28%"
"08/11/2023","1,913.32","1,912.65","1,921.15","1,910.94","","0.07%"
"08/10/2023","1,912.06","1,914.94","1,930.11","1,911.73","","-0.13%"
"08/09/2023","1,914.59","1,925.16","1,932.48","1,914.05","","-0.53%"
"08/08/2023","1,924.82","1,936.76","1,938.15","1,922.50","","-0.60%"
"08/07/2023","1,936.39","1,942.59","1,946.81","1,931.53","","-0.27%"
"08/04/2023","1,941.62","1,934.12","1,947.19","1,929.75","","0.41%"
"08/03/2023","1,933.74","1,934.66","1,939.03","1,929.55","","0.01%"
"08/02/2023","1,933.56","1,945.74","1,955.40","1,933.00","","-0.54%"
"08/01/2023","1,944.08","1,965.10","1,966.24","1,941.20","","-1.02%"
"07/31/2023","1,964.19","1,959.49","1,972.44","1,951.00","","0.25%"
"07/28/2023","1,959.20","1,944.27","1,963.71","1,944.27","","0.73%"
"07/27/2023","1,944.99","1,972.08","1,982.24","1,942.61","","-1.38%"
"07/26/2023","1,972.10","1,964.99","1,978.31","1,961.99","","0.38%"
"07/25/2023","1,964.58","1,955.20","1,966.03","1,953.21","","0.52%"
"07/24/2023","1,954.51","1,962.09","1,967.97","1,953.42","","-0.29%"
"07/21/2023","1,960.23","1,969.99","1,973.89","1,956.82","","-0.48%"
"07/20/2023","1,969.62","1,976.80","1,987.59","1,965.40","","-0.39%"
"07/19/2023","1,977.25","1,978.97","1,981.05","1,969.75","","-0.07%"
"07/18/2023","1,978.71","1,954.59","1,984.39","1,954.44","","1.23%"
"07/17/2023","1,954.74","1,954.90","1,959.91","1,945.82","","-0.01%"
"07/14/2023","1,954.93","1,961.58","1,963.81","1,951.00","","-0.27%"
"07/13/2023","1,960.19","1,957.44","1,963.69","1,952.71","","0.16%"
"07/12/2023","1,957.09","1,932.59","1,959.82","1,932.18","","1.30%"
"07/11/2023","1,931.99","1,925.40","1,938.69","1,924.40","","0.36%"
"07/10/2023","1,924.99","1,925.19","1,928.31","1,912.68","","0.04%"
"07/07/2023","1,924.28","1,911.07","1,934.92","1,909.56","","0.71%"
"07/06/2023","1,910.80","1,916.05","1,927.69","1,902.68","","-0.34%"
"07/05/2023","1,917.32","1,925.90","1,935.17","1,914.48","","-0.40%"
"07/04/2023","1,925.09","1,921.78","1,930.84","1,919.90","","0.19%"
"07/03/2023","1,921.43","1,919.40","1,931.09","1,910.10","","0.10%"
"06/30/2023","1,919.57","1,908.53","1,922.90","1,900.56","","0.60%"
"06/29/2023","1,908.15","1,908.80","1,913.15","1,893.01","","0.04%"
"06/28/2023","1,907.42","1,913.59","1,917.24","1,902.84","","-0.31%"
"06/27/2023","1,913.35","1,923.21","1,930.85","1,911.19","","-0.49%"
"06/26/2023","1,922.85","1,924.30","1,933.48","1,921.59","","0.08%"
"06/23/2023","1,921.36","1,913.80","1,937.10","1,910.24","","0.41%"
"06/22/2023","1,913.52","1,932.09","1,935.00","1,912.34","","-0.97%"
"06/21/2023","1,932.26","1,935.42","1,939.55","1,919.34","","-0.19%"
"06/20/2023","1,935.91","1,950.90","1,956.87","1,929.77","","-0.73%"
"06/19/2023","1,950.12","1,957.99","1,958.93","1,947.80","","-0.37%"
"06/16/2023","1,957.36","1,957.68","1,968.00","1,953.42","","-0.01%"
"06/15/2023","1,957.65","1,943.44","1,960.34","1,925.30","","0.75%"
"06/14/2023","1,942.99","1,943.49","1,960.41","1,939.73","","-0.02%"
"06/13/2023","1,943.33","1,957.69","1,970.74","1,939.99","","-0.69%"
"06/12/2023","1,956.92","1,960.25","1,967.55","1,948.80","","-0.19%"
"06/09/2023","1,960.60","1,968.10","1,973.09","1,956.73","","-0.36%"
"06/08/2023","1,967.76","1,940.59","1,970.50","1,939.81","","1.45%"
"06/07/2023","1,939.63","1,963.59","1,970.26","1,939.80","","-1.18%"
"06/06/2023","1,962.85","1,962.11","1,966.85","1,954.00","","0.06%"
"06/05/2023","1,961.76","1,947.59","1,964.13","1,938.14","","0.73%"
"06/02/2023","1,947.63","1,978.14","1,983.52","1,947.67","","-1.53%"
"06/01/2023","1,977.88","1,962.80","1,983.27","1,953.43","","0.79%"
"05/31/2023","1,962.30","1,959.30","1,975.34","1,953.67","","0.16%"
"05/30/2023","1,959.14","1,944.19","1,963.63","1,932.08","","0.84%"
"05/29/2023","1,942.84","1,944.09","1,949.75","1,940.30","","-0.18%"
"05/26/2023","1,946.33","1,940.69","1,957.40","1,936.84","","0.31%"
"05/25/2023","1,940.34","1,958.13","1,964.95","1,938.86","","-0.85%"
"05/24/2023","1,957.01","1,975.19","1,985.30","1,956.51","","-0.90%"
"05/23/2023","1,974.73","1,971.99","1,977.80","1,954.29","","0.27%"
"05/22/2023","1,969.43","1,977.80","1,982.66","1,968.40","","-0.36%"
"05/19/2023","1,976.56","1,957.40","1,984.09","1,954.05","","0.94%"
"05/18/2023","1,958.05","1,981.52","1,986.12","1,951.97","","-1.19%"
"05/17/2023","1,981.72","1,988.94","1,993.13","1,974.80","","-0.35%"
"05/16/2023","1,988.60","2,015.90","2,018.94","1,985.47","","-1.58%"
"05/15/2023","2,020.60","2,011.72","2,022.20","2,007.28","","0.47%"
"05/12/2023","2,011.15","2,015.19","2,022.56","2,001.05","","-0.22%"
"05/11/2023","2,015.55","2,030.56","2,041.44","2,011.19","","-0.69%"
"05/10/2023","2,029.51","2,034.19","2,048.22","2,021.57","","-0.23%"
"05/09/2023","2,034.17","2,022.24","2,037.70","2,019.50","","0.63%"
"05/08/2023","2,021.39","2,015.95","2,029.63","2,014.10","","0.24%"
"05/05/2023","2,016.54","2,051.73","2,053.13","1,999.30","","-1.69%"
"05/04/2023","2,051.11","2,036.86","2,073.29","2,030.34","","0.59%"
"05/03/2023","2,039.02","2,014.80","2,040.69","2,007.96","","1.13%"
"05/02/2023","2,016.28","1,982.81","2,019.54","1,978.38","","1.73%"
"05/01/2023","1,982.05","1,991.34","2,006.05","1,977.05","","-0.38%"
"04/28/2023","1,989.65","1,986.75","1,995.13","1,976.08","","0.09%"
"04/27/2023","1,987.87","1,987.58","2,003.45","1,973.80","","-0.08%"
"04/26/2023","1,989.48","2,000.63","2,009.51","1,983.43","","-0.42%"
"04/25/2023","1,997.87","1,991.45","2,003.90","1,976.14","","0.45%"
"04/24/2023","1,988.88","1,981.34","1,990.97","1,974.19","","0.30%"
"04/21/2023","1,982.89","2,004.29","2,005.75","1,971.65","","-1.07%"
"04/20/2023","2,004.34","1,993.58","2,012.74","1,990.49","","0.56%"
"04/19/2023","1,993.26","2,007.49","2,008.33","1,969.28","","-0.58%"
"04/18/2023","2,004.93","1,995.19","2,011.98","1,991.33","","0.51%"
"04/17/2023","1,994.77","2,001.85","2,015.13","1,981.34","","-0.41%"
"04/14/2023","2,003.04","2,040.40","2,047.60","1,992.41","","-1.80%"
"04/13/2023","2,039.73","2,014.00","2,048.84","2,012.45","","1.24%"
"04/12/2023","2,014.67","2,003.67","2,028.40","2,001.18","","0.58%"
"04/11/2023","2,003.14","1,990.36","2,007.58","1,988.72","","0.66%"
"04/10/2023","1,989.95","2,008.30","2,011.17","1,981.59","","-0.90%"
"04/06/2023","2,008.02","2,020.13","2,021.63","2,000.88","","-0.61%"
"04/05/2023","2,020.35","2,020.44","2,032.20","2,009.99","","0.02%"
"04/04/2023","2,019.97","1,984.59","2,025.19","1,977.01","","1.81%"
"04/03/2023","1,984.11","1,970.84","1,990.64","1,949.82","","0.82%"
"03/31/2023","1,967.90","1,978.62","1,987.84","1,966.89","","-0.62%"
"03/30/2023","1,980.25","1,962.58","1,984.40","1,955.44","","0.83%"
"03/29/2023","1,964.04","1,972.82","1,974.64","1,958.62","","-0.49%"
"03/28/2023","1,973.69","1,957.23","1,975.45","1,948.66","","0.88%"
"03/27/2023","1,956.56","1,977.66","1,979.89","1,943.68","","-1.04%"
"03/24/2023","1,977.22","1,993.99","2,003.19","1,975.18","","-0.82%"
"03/23/2023","1,993.50","1,967.91","2,003.43","1,964.39","","1.21%"
"03/22/2023","1,969.58","1,940.44","1,978.93","1,934.33","","1.52%"
"03/21/2023","1,940.15","1,979.17","1,985.30","1,935.41","","-1.95%"
"03/20/2023","1,978.71","1,987.59","2,010.19","1,965.77","","-0.46%"
"03/17/2023","1,987.93","1,920.00","1,989.80","1,918.33","","3.59%"
"03/16/2023","1,919.12","1,920.54","1,934.12","1,907.55","","0.05%"
"03/15/2023","1,918.10","1,903.91","1,937.46","1,885.78","","0.84%"
"03/14/2023","1,902.12","1,913.19","1,914.52","1,895.17","","-0.58%"
"03/13/2023","1,913.23","1,869.01","1,914.79","1,869.01","","2.43%"
"03/10/2023","1,867.83","1,830.96","1,870.28","1,827.71","","2.02%"
"03/09/2023","1,830.89","1,813.65","1,835.56","1,811.84","","0.95%"
"03/08/2023","1,813.59","1,813.61","1,824.38","1,809.40","","0.00%"
"03/07/2023","1,813.52","1,846.92","1,852.26","1,812.72","","-1.80%"
"03/06/2023","1,846.85","1,855.35","1,858.84","1,845.08","","-0.44%"
"03/03/2023","1,854.97","1,836.10","1,856.47","1,834.51","","1.03%"
"03/02/2023","1,836.00","1,837.20","1,838.94","1,829.44","","-0.04%"
"03/01/2023","1,836.81","1,827.24","1,845.05","1,823.05","","0.53%"
"02/28/2023","1,827.15","1,817.38","1,831.27","1,804.65","","0.54%"
"02/27/2023","1,817.31","1,812.01","1,820.22","1,806.68","","0.36%"
"02/24/2023","1,810.81","1,822.74","1,827.98","1,808.91","","-0.65%"
"02/23/2023","1,822.64","1,825.12","1,834.43","1,817.55","","-0.13%"
"02/22/2023","1,825.04","1,834.71","1,846.26","1,823.05","","-0.51%"
"02/21/2023","1,834.32","1,841.71","1,844.44","1,829.70","","-0.37%"
"02/20/2023","1,841.14","1,842.73","1,847.86","1,837.09","","-0.02%"
"02/17/2023","1,841.59","1,837.52","1,843.77","1,818.34","","0.23%"
"02/16/2023","1,837.44","1,836.56","1,845.45","1,827.18","","0.07%"
"02/15/2023","1,836.19","1,854.35","1,860.18","1,830.20","","-0.98%"
"02/14/2023","1,854.29","1,853.67","1,871.03","1,843.20","","0.05%"
"02/13/2023","1,853.39","1,865.69","1,866.83","1,850.42","","-0.60%"
"02/10/2023","1,864.67","1,861.68","1,872.31","1,852.69","","0.18%"
"02/09/2023","1,861.39","1,875.64","1,890.69","1,858.89","","-0.76%"
"02/08/2023","1,875.59","1,874.05","1,886.28","1,867.40","","0.09%"
"02/07/2023","1,873.81","1,867.39","1,884.45","1,864.94","","0.35%"
"02/06/2023","1,867.36","1,865.17","1,881.54","1,860.39","","0.10%"
"02/03/2023","1,865.53","1,912.57","1,918.72","1,861.41","","-2.45%"
"02/02/2023","1,912.37","1,950.54","1,959.77","1,911.33","","-1.95%"
"02/01/2023","1,950.42","1,927.92","1,954.63","1,920.56","","1.17%"
"01/31/2023","1,927.88","1,922.82","1,931.15","1,900.74","","0.28%"
"01/30/2023","1,922.52","1,928.40","1,934.61","1,920.58","","-0.25%"
"01/27/2023","1,927.34","1,929.40","1,935.15","1,916.65","","-0.09%"
"01/26/2023","1,928.99","1,946.09","1,949.27","1,918.74","","-0.87%"
"01/25/2023","1,945.93","1,937.54","1,948.12","1,919.88","","0.44%"
"01/24/2023","1,937.45","1,931.35","1,942.93","1,916.82","","0.32%"
"01/23/2023","1,931.30","1,926.20","1,935.69","1,911.44","","0.25%"
"01/20/2023","1,926.57","1,931.48","1,937.72","1,920.58","","-0.25%"
"01/19/2023","1,931.39","1,903.83","1,935.40","1,900.48","","1.45%"
"01/18/2023","1,903.76","1,908.46","1,926.30","1,896.56","","-0.24%"
"01/17/2023","1,908.39","1,917.81","1,919.83","1,903.51","","-0.50%"
"01/16/2023","1,918.00","1,920.39","1,929.24","1,910.74","","-0.12%"
"01/13/2023","1,920.21","1,897.03","1,922.24","1,891.80","","1.23%"
"01/12/2023","1,896.86","1,876.43","1,901.88","1,873.64","","1.09%"
"01/11/2023","1,876.38","1,877.30","1,887.09","1,866.75","","-0.05%"
"01/10/2023","1,877.27","1,871.66","1,881.04","1,867.37","","0.30%"
"01/09/2023","1,871.59","1,865.45","1,881.80","1,864.59","","0.32%"
"01/06/2023","1,865.71","1,833.27","1,870.37","1,830.53","","1.77%"
"01/05/2023","1,833.19","1,854.19","1,859.36","1,824.68","","-1.13%"
"01/04/2023","1,854.09","1,839.51","1,865.49","1,835.92","","0.79%"
"01/03/2023","1,839.49","1,826.14","1,850.69","1,824.42","","0.87%"
"01/02/2023","1,823.69","1,823.85","1,823.94","1,823.85","","-0.04%"
"12/30/2022","1,824.40","1,815.14","1,826.73","1,809.84","","0.52%"
"12/29/2022","1,814.89","1,804.16","1,820.52","1,802.02","","0.60%"
"12/28/2022","1,804.09","1,814.00","1,815.18","1,796.56","","-0.54%"
"12/27/2022","1,813.93","1,796.67","1,833.39","1,796.20","","0.91%"
"12/26/2022","1,797.61","1,798.57","1,798.78","1,798.04","","-0.02%"
"12/23/2022","1,797.91","1,792.65","1,803.60","1,789.62","","0.30%"
"12/22/2022","1,792.57","1,814.20","1,821.10","1,784.11","","-1.19%"
"12/21/2022","1,814.13","1,818.06","1,824.39","1,811.24","","-0.18%"
"12/20/2022","1,817.41","1,787.49","1,821.60","1,784.21","","1.68%"
"12/19/2022","1,787.44","1,793.13","1,799.10","1,783.48","","-0.27%"
"12/16/2022","1,792.34","1,776.72","1,794.69","1,773.89","","0.88%"
"12/15/2022","1,776.66","1,807.40","1,809.09","1,772.00","","-1.69%"
"12/14/2022","1,807.27","1,810.49","1,814.19","1,796.07","","-0.17%"
"12/13/2022","1,810.29","1,781.21","1,824.87","1,779.81","","1.64%"
"12/12/2022","1,781.15","1,797.35","1,798.00","1,777.22","","-0.86%"
"12/09/2022","1,796.63","1,789.30","1,806.45","1,787.96","","0.41%"
"12/08/2022","1,789.23","1,786.29","1,795.18","1,780.96","","0.17%"
"12/07/2022","1,786.22","1,771.14","1,790.92","1,768.32","","0.86%"
"12/06/2022","1,770.91","1,768.67","1,781.46","1,765.72","","0.14%"
"12/05/2022","1,768.39","1,797.92","1,810.33","1,765.32","","-1.64%"
"12/02/2022","1,797.82","1,803.15","1,804.93","1,778.26","","-0.28%"
"12/01/2022","1,802.89","1,768.54","1,804.32","1,767.36","","1.95%"
"11/30/2022","1,768.45","1,749.82","1,770.39","1,744.41","","1.07%"
"11/29/2022","1,749.73","1,740.82","1,759.33","1,738.98","","0.52%"
"11/28/2022","1,740.75","1,755.00","1,764.08","1,739.14","","-0.88%"
"11/25/2022","1,756.14","1,756.48","1,761.58","1,745.46","","0.07%"
"11/24/2022","1,754.96","1,749.53","1,759.08","1,749.03","","0.32%"
"11/23/2022","1,749.28","1,740.30","1,753.54","1,728.25","","0.52%"
"11/22/2022","1,740.24","1,738.48","1,749.98","1,736.61","","0.14%"
"11/21/2022","1,737.81","1,750.82","1,753.52","1,732.03","","-0.68%"
"11/18/2022","1,749.74","1,760.74","1,767.98","1,747.04","","-0.63%"
"11/17/2022","1,760.87","1,773.82","1,775.20","1,754.13","","-0.73%"
"11/16/2022","1,773.77","1,778.34","1,785.49","1,769.82","","-0.25%"
"11/15/2022","1,778.25","1,771.88","1,786.68","1,766.56","","0.36%"
"11/14/2022","1,771.80","1,771.42","1,775.36","1,752.90","","0.06%"
"11/11/2022","1,770.69","1,754.92","1,773.17","1,746.85","","0.91%"
"11/10/2022","1,754.75","1,706.40","1,757.59","1,703.32","","2.84%"
"11/09/2022","1,706.32","1,712.60","1,722.94","1,701.79","","-0.36%"
"11/08/2022","1,712.52","1,674.75","1,717.31","1,664.32","","2.26%"
"11/07/2022","1,674.68","1,681.30","1,682.08","1,666.44","","-0.33%"
"11/04/2022","1,680.27","1,629.40","1,682.17","1,628.23","","3.14%"
"11/03/2022","1,629.15","1,635.80","1,641.32","1,616.18","","-0.35%"
"11/02/2022","1,634.89","1,647.77","1,669.60","1,634.40","","-0.77%"
"11/01/2022","1,647.50","1,633.40","1,657.13","1,630.93","","0.88%"
"10/31/2022","1,633.12","1,643.69","1,645.80","1,631.77","","-0.53%"
"10/28/2022","1,641.76","1,663.30","1,667.44","1,637.39","","-1.27%"
"10/27/2022","1,662.94","1,664.50","1,671.09","1,654.81","","-0.09%"
"10/26/2022","1,664.49","1,653.21","1,675.12","1,649.15","","0.72%"
"10/25/2022","1,652.52","1,649.70","1,662.89","1,637.82","","0.24%"
"10/24/2022","1,648.60","1,658.19","1,670.55","1,643.64","","-0.49%"
"10/21/2022","1,656.66","1,628.10","1,659.08","1,617.21","","1.78%"
"10/20/2022","1,627.66","1,629.93","1,645.83","1,621.93","","-0.05%"
"10/19/2022","1,628.49","1,651.99","1,654.90","1,627.25","","-1.41%"
"10/18/2022","1,651.83","1,650.49","1,661.27","1,645.61","","0.11%"
"10/17/2022","1,649.94","1,644.09","1,668.69","1,643.69","","0.50%"
"10/14/2022","1,641.76","1,665.90","1,672.02","1,639.90","","-1.44%"
"10/13/2022","1,665.80","1,673.30","1,682.84","1,642.25","","-0.40%"
"10/12/2022","1,672.51","1,666.49","1,678.90","1,660.95","","0.43%"
"10/11/2022","1,665.31","1,668.40","1,684.44","1,660.45","","-0.16%"
"10/10/2022","1,667.96","1,696.80","1,700.33","1,665.30","","-1.57%"
"10/07/2022","1,694.52","1,711.10","1,715.40","1,690.35","","-0.95%"
"10/06/2022","1,710.85","1,716.06","1,726.09","1,706.53","","-0.29%"
"10/05/2022","1,715.81","1,726.42","1,728.10","1,700.15","","-0.60%"
"10/04/2022","1,726.24","1,699.40","1,729.73","1,694.73","","1.59%"
"10/03/2022","1,699.22","1,661.30","1,701.80","1,659.10","","2.38%"
"09/30/2022","1,659.67","1,661.13","1,675.57","1,658.93","","-0.04%"
"09/29/2022","1,660.29","1,659.88","1,665.12","1,641.05","","0.05%"
"09/28/2022","1,659.44","1,629.26","1,663.17","1,614.35","","1.88%"
"09/27/2022","1,628.80","1,621.99","1,642.94","1,621.77","","0.45%"
"09/26/2022","1,621.57","1,645.40","1,650.02","1,620.80","","-1.31%"
"09/23/2022","1,643.09","1,671.55","1,676.59","1,639.59","","-1.64%"
"09/22/2022","1,670.53","1,675.06","1,685.49","1,655.53","","-0.19%"
"09/21/2022","1,673.74","1,663.67","1,688.15","1,654.15","","0.64%"
"09/20/2022","1,663.11","1,675.47","1,679.34","1,659.60","","-0.76%"
"09/19/2022","1,675.78","1,675.44","1,680.16","1,659.67","","0.05%"
"09/16/2022","1,674.94","1,664.27","1,680.69","1,653.85","","0.67%"
"09/15/2022","1,663.74","1,696.06","1,698.62","1,660.04","","-1.89%"
"09/14/2022","1,695.80","1,701.86","1,707.49","1,693.26","","-0.34%"
"09/13/2022","1,701.55","1,724.75","1,732.34","1,696.70","","-1.31%"
"09/12/2022","1,724.07","1,717.05","1,735.37","1,711.97","","0.47%"
"09/09/2022","1,716.05","1,708.84","1,729.94","1,708.22","","0.51%"
"09/08/2022","1,707.28","1,718.40","1,728.80","1,703.50","","-0.61%"
"09/07/2022","1,717.69","1,701.61","1,719.82","1,690.90","","0.97%"
"09/06/2022","1,701.15","1,710.56","1,727.24","1,699.30","","-0.53%"
"09/05/2022","1,710.21","1,712.99","1,716.34","1,707.47","","-0.07%"
"09/02/2022","1,711.44","1,696.35","1,718.31","1,694.64","","0.91%"
"09/01/2022","1,696.09","1,711.09","1,711.81","1,688.35","","-0.85%"
"08/31/2022","1,710.70","1,723.83","1,726.86","1,709.10","","-0.75%"
"08/30/2022","1,723.55","1,738.36","1,740.93","1,720.85","","-0.82%"
"08/29/2022","1,737.82","1,736.19","1,745.63","1,720.08","","0.06%"
"08/26/2022","1,736.86","1,758.55","1,759.31","1,733.83","","-1.23%"
"08/25/2022","1,758.44","1,751.55","1,765.93","1,749.71","","0.43%"
"08/24/2022","1,750.89","1,748.55","1,755.88","1,742.29","","0.18%"
"08/23/2022","1,747.67","1,736.40","1,754.28","1,730.52","","0.69%"
"08/22/2022","1,735.70","1,747.05","1,749.31","1,727.51","","-0.69%"
"08/19/2022","1,747.83","1,759.30","1,759.88","1,745.19","","-0.59%"
"08/18/2022","1,758.20","1,761.63","1,772.59","1,755.37","","-0.16%"
"08/17/2022","1,761.05","1,775.98","1,782.63","1,759.58","","-0.82%"
"08/16/2022","1,775.54","1,779.74","1,783.37","1,771.33","","-0.19%"
"08/15/2022","1,778.91","1,802.05","1,802.53","1,772.75","","-1.27%"
"08/12/2022","1,801.76","1,790.06","1,802.86","1,784.52","","0.69%"
"08/11/2022","1,789.45","1,792.39","1,799.40","1,783.24","","-0.15%"
"08/10/2022","1,792.13","1,794.21","1,807.90","1,787.32","","-0.11%"
"08/09/2022","1,794.08","1,789.21","1,800.45","1,782.85","","0.31%"
"08/08/2022","1,788.52","1,773.57","1,790.26","1,770.94","","0.81%"
"08/05/2022","1,774.15","1,791.16","1,795.29","1,764.88","","-0.94%"
"08/04/2022","1,790.97","1,765.34","1,795.29","1,763.00","","1.48%"
"08/03/2022","1,764.90","1,760.53","1,772.90","1,754.33","","0.29%"
"08/02/2022","1,759.75","1,772.23","1,788.24","1,759.86","","-0.68%"
"08/01/2022","1,771.73","1,765.05","1,775.22","1,758.05","","0.37%"
"07/29/2022","1,765.22","1,755.81","1,768.17","1,752.19","","0.58%"
"07/28/2022","1,755.11","1,734.61","1,757.43","1,733.59","","1.22%"
"07/27/2022","1,733.89","1,717.41","1,740.60","1,711.46","","0.98%"
"07/26/2022","1,717.00","1,719.69","1,728.36","1,713.20","","-0.10%"
"07/25/2022","1,718.78","1,728.15","1,736.43","1,714.57","","-0.44%"
"07/22/2022","1,726.46","1,718.61","1,739.28","1,712.93","","0.46%"
"07/21/2022","1,718.49","1,696.73","1,720.69","1,680.78","","1.30%"
"07/20/2022","1,696.43","1,711.30","1,714.94","1,692.53","","-0.86%"
"07/19/2022","1,711.07","1,709.27","1,718.64","1,704.96","","0.12%"
"07/18/2022","1,709.01","1,707.94","1,724.05","1,705.89","","0.13%"
"07/15/2022","1,706.78","1,709.81","1,716.92","1,698.82","","-0.16%"
"07/14/2022","1,709.45","1,735.70","1,736.94","1,697.48","","-1.49%"
"07/13/2022","1,735.23","1,726.17","1,745.54","1,707.38","","0.55%"
"07/12/2022","1,725.81","1,733.99","1,743.49","1,722.93","","-0.45%"
"07/11/2022","1,733.67","1,742.86","1,744.92","1,731.01","","-0.47%"
"07/08/2022","1,741.82","1,740.05","1,752.50","1,733.24","","0.13%"
"07/07/2022","1,739.61","1,738.93","1,749.14","1,735.95","","0.08%"
"07/06/2022","1,738.30","1,764.87","1,773.06","1,731.75","","-1.48%"
"07/05/2022","1,764.35","1,808.74","1,812.42","1,763.48","","-2.47%"
"07/04/2022","1,809.12","1,812.27","1,814.36","1,803.45","","-0.06%"
"07/01/2022","1,810.18","1,807.31","1,812.09","1,784.10","","0.18%"
"06/30/2022","1,806.89","1,817.80","1,825.90","1,802.20","","-0.56%"
"06/29/2022","1,817.11","1,819.95","1,833.24","1,812.10","","-0.14%"
"06/28/2022","1,819.69","1,822.85","1,830.09","1,818.20","","-0.17%"
"06/27/2022","1,822.73","1,838.15","1,841.34","1,820.40","","-0.19%"
"06/24/2022","1,826.18","1,822.88","1,832.15","1,816.70","","0.21%"
"06/23/2022","1,822.43","1,837.87","1,846.19","1,821.88","","-0.81%"
"06/22/2022","1,837.39","1,832.96","1,848.44","1,823.23","","0.26%"
"06/21/2022","1,832.56","1,838.37","1,844.15","1,828.29","","-0.31%"
"06/20/2022","1,838.29","1,840.40","1,846.42","1,834.49","","-0.06%"
"06/17/2022","1,839.35","1,857.34","1,858.29","1,833.72","","-0.93%"
"06/16/2022","1,856.71","1,833.99","1,857.91","1,815.95","","1.27%"
"06/15/2022","1,833.38","1,808.35","1,841.74","1,807.24","","1.40%"
"06/14/2022","1,808.10","1,819.10","1,832.19","1,804.65","","-0.59%"
"06/13/2022","1,818.77","1,875.80","1,877.38","1,818.90","","-2.79%"
"06/10/2022","1,870.96","1,848.09","1,876.47","1,825.02","","1.26%"
"06/09/2022","1,847.61","1,853.53","1,855.52","1,839.60","","-0.30%"
"06/08/2022","1,853.26","1,852.51","1,859.90","1,844.35","","0.07%"
"06/07/2022","1,851.97","1,841.60","1,855.86","1,836.73","","0.60%"
"06/06/2022","1,841.00","1,850.29","1,858.15","1,840.50","","-0.53%"
"06/03/2022","1,850.77","1,868.53","1,874.30","1,847.02","","-0.93%"
"06/02/2022","1,868.13","1,846.44","1,870.69","1,843.76","","1.22%"
"06/01/2022","1,845.55","1,837.37","1,850.40","1,828.28","","0.46%"
"05/31/2022","1,837.09","1,856.40","1,857.69","1,834.90","","-1.03%"
"05/30/2022","1,856.21","1,852.19","1,864.34","1,847.92","","0.19%"
"05/27/2022","1,852.73","1,850.48","1,862.30","1,847.76","","0.15%"
"05/26/2022","1,850.02","1,853.48","1,854.71","1,841.14","","-0.15%"
"05/25/2022","1,852.83","1,865.09","1,868.40","1,842.94","","-0.70%"
"05/24/2022","1,865.90","1,853.59","1,869.99","1,849.06","","0.68%"
"05/23/2022","1,853.22","1,846.53","1,865.65","1,844.08","","0.41%"
"05/20/2022","1,845.68","1,842.12","1,849.59","1,832.35","","0.22%"
"05/19/2022","1,841.72","1,816.60","1,849.46","1,810.55","","1.44%"
"05/18/2022","1,815.61","1,815.20","1,825.02","1,807.30","","0.05%"
"05/17/2022","1,814.67","1,824.18","1,836.55","1,812.68","","-0.50%"
"05/16/2022","1,823.79","1,811.05","1,827.23","1,786.95","","0.70%"
"05/13/2022","1,811.15","1,822.48","1,829.06","1,799.24","","-0.58%"
"05/12/2022","1,821.72","1,852.58","1,859.30","1,820.93","","-1.64%"
"05/11/2022","1,852.12","1,838.41","1,857.99","1,831.83","","0.76%"
"05/10/2022","1,838.14","1,853.74","1,865.76","1,835.46","","-0.85%"
"05/09/2022","1,853.92","1,883.80","1,885.95","1,851.36","","-1.54%"
"05/06/2022","1,882.96","1,877.30","1,892.93","1,865.84","","0.33%"
"05/05/2022","1,876.84","1,881.47","1,910.03","1,872.48","","-0.22%"
"05/04/2022","1,880.92","1,868.04","1,889.74","1,861.17","","0.70%"
"05/03/2022","1,867.79","1,863.05","1,878.19","1,850.33","","0.27%"
"05/02/2022","1,862.77","1,896.09","1,900.10","1,854.74","","-1.77%"
"04/29/2022","1,896.40","1,894.43","1,919.97","1,892.25","","0.11%"
"04/28/2022","1,894.34","1,886.14","1,897.32","1,872.19","","0.44%"
"04/27/2022","1,886.12","1,905.45","1,907.25","1,881.39","","-1.02%"
"04/26/2022","1,905.56","1,897.95","1,911.50","1,895.38","","0.41%"
"04/25/2022","1,897.69","1,931.09","1,934.71","1,891.05","","-1.66%"
"04/22/2022","1,929.73","1,951.49","1,955.93","1,926.52","","-1.12%"
"04/21/2022","1,951.49","1,957.84","1,958.00","1,936.79","","-0.30%"
"04/20/2022","1,957.41","1,950.34","1,958.57","1,939.16","","0.39%"
"04/19/2022","1,949.84","1,979.19","1,982.31","1,943.80","","-1.45%"
"04/18/2022","1,978.50","1,972.84","1,998.60","1,971.05","","0.20%"
"04/15/2022","1,974.54","1,974.28","1,975.69","1,973.05","","0.05%"
"04/14/2022","1,973.52","1,977.78","1,980.81","1,960.90","","-0.21%"
"04/13/2022","1,977.72","1,967.21","1,981.82","1,962.59","","0.57%"
"04/12/2022","1,966.59","1,953.99","1,978.63","1,949.48","","0.67%"
"04/11/2022","1,953.43","1,947.15","1,969.41","1,940.05","","0.39%"
"04/08/2022","1,945.85","1,931.92","1,948.46","1,927.38","","0.71%"
"04/07/2022","1,932.17","1,925.32","1,938.07","1,920.27","","0.35%"
"04/06/2022","1,925.48","1,923.69","1,933.65","1,915.24","","0.09%"
"04/05/2022","1,923.76","1,933.38","1,944.73","1,917.74","","-0.45%"
"04/04/2022","1,932.44","1,924.94","1,937.05","1,915.55","","0.42%"
"04/01/2022","1,924.30","1,937.51","1,939.99","1,917.56","","-0.67%"
"03/31/2022","1,937.23","1,932.80","1,949.92","1,918.98","","0.22%"
"03/30/2022","1,933.06","1,920.07","1,938.53","1,915.74","","0.72%"
"03/29/2022","1,919.19","1,922.95","1,929.41","1,890.03","","-0.21%"
"03/28/2022","1,923.20","1,958.75","1,959.36","1,916.83","","-1.75%"
"03/25/2022","1,957.40","1,957.49","1,964.49","1,943.55","","0.00%"
"03/24/2022","1,957.48","1,944.88","1,966.19","1,937.18","","0.73%"
"03/23/2022","1,943.38","1,922.35","1,948.55","1,915.32","","1.14%"
"03/22/2022","1,921.44","1,935.86","1,938.59","1,910.89","","-0.75%"
"03/21/2022","1,935.95","1,922.24","1,940.69","1,918.01","","0.77%"
"03/18/2022","1,921.09","1,942.90","1,945.51","1,917.93","","-1.11%"
"03/17/2022","1,942.64","1,927.56","1,950.10","1,923.40","","0.76%"
"03/16/2022","1,927.93","1,918.10","1,929.87","1,895.22","","0.53%"
"03/15/2022","1,917.84","1,951.02","1,954.95","1,906.73","","-1.71%"
"03/14/2022","1,951.11","1,985.49","1,990.33","1,949.87","","-1.72%"
"03/11/2022","1,985.29","1,996.15","1,999.22","1,958.80","","-0.53%"
"03/10/2022","1,995.86","1,991.94","2,009.57","1,970.66","","0.22%"
"03/09/2022","1,991.49","2,052.75","2,059.25","1,976.30","","-2.97%"
"03/08/2022","2,052.41","1,998.30","2,070.29","1,981.00","","2.72%"
"03/07/2022","1,998.11","1,977.09","2,002.90","1,960.76","","1.51%"
"03/04/2022","1,968.45","1,935.65","1,970.80","1,929.78","","1.72%"
"03/03/2022","1,935.21","1,926.49","1,941.47","1,921.73","","0.47%"
"03/02/2022","1,926.11","1,943.69","1,948.18","1,913.82","","-0.88%"
"03/01/2022","1,943.22","1,908.19","1,950.45","1,900.93","","1.85%"
"02/28/2022","1,907.90","1,920.86","1,929.36","1,890.59","","1.08%"
"02/25/2022","1,887.56","1,903.55","1,921.54","1,883.10","","-0.82%"
"02/24/2022","1,903.14","1,907.99","1,974.48","1,879.05","","-0.23%"
"02/23/2022","1,907.55","1,898.44","1,911.00","1,889.23","","0.50%"
"02/22/2022","1,898.13","1,905.89","1,914.44","1,891.16","","-0.39%"
"02/21/2022","1,905.63","1,900.40","1,908.38","1,887.19","","0.41%"
"02/18/2022","1,897.87","1,897.94","1,902.84","1,886.16","","0.03%"
"02/17/2022","1,897.27","1,868.84","1,901.57","1,867.18","","1.55%"
"02/16/2022","1,868.37","1,853.40","1,873.16","1,849.94","","0.83%"
"02/15/2022","1,853.06","1,870.94","1,879.89","1,844.27","","-0.92%"
"02/14/2022","1,870.29","1,861.55","1,874.41","1,850.45","","0.56%"
"02/11/2022","1,859.96","1,827.25","1,865.63","1,820.79","","1.83%"
"02/10/2022","1,826.57","1,832.94","1,842.35","1,821.46","","-0.32%"
"02/09/2022","1,832.43","1,826.05","1,836.35","1,824.50","","0.38%"
"02/08/2022","1,825.48","1,820.59","1,829.09","1,815.06","","0.28%"
"02/07/2022","1,820.31","1,806.99","1,824.06","1,806.94","","0.71%"
"02/04/2022","1,807.49","1,804.80","1,815.44","1,790.94","","0.17%"
"02/03/2022","1,804.40","1,807.19","1,809.22","1,788.39","","-0.12%"
"02/02/2022","1,806.50","1,800.94","1,811.53","1,794.11","","0.32%"
"02/01/2022","1,800.65","1,796.72","1,809.16","1,795.13","","0.23%"
"01/31/2022","1,796.47","1,791.19","1,800.23","1,785.03","","0.30%"
"01/28/2022","1,791.03","1,796.94","1,799.82","1,779.88","","-0.30%"
"01/27/2022","1,796.51","1,818.44","1,822.51","1,790.98","","-1.19%"
"01/26/2022","1,818.12","1,847.99","1,850.44","1,814.90","","-1.59%"
"01/25/2022","1,847.56","1,843.34","1,853.98","1,834.64","","0.24%"
"01/24/2022","1,843.06","1,834.49","1,844.53","1,829.09","","0.54%"
"01/21/2022","1,833.24","1,838.65","1,843.53","1,828.04","","-0.28%"
"01/20/2022","1,838.36","1,840.30","1,848.36","1,835.67","","-0.09%"
"01/19/2022","1,839.96","1,813.69","1,843.72","1,809.97","","1.46%"
"01/18/2022","1,813.54","1,819.77","1,823.01","1,805.53","","-0.30%"
"01/17/2022","1,818.99","1,817.90","1,823.72","1,812.67","","0.10%"
"01/14/2022","1,817.22","1,822.55","1,829.66","1,814.13","","-0.27%"
"01/13/2022","1,822.09","1,825.94","1,828.38","1,811.83","","-0.18%"
"01/12/2022","1,825.32","1,822.49","1,828.33","1,814.20","","0.18%"
"01/11/2022","1,822.01","1,801.69","1,823.35","1,800.09","","1.14%"
"01/10/2022","1,801.41","1,795.41","1,802.57","1,790.43","","0.32%"
"01/07/2022","1,795.63","1,789.55","1,799.20","1,782.63","","0.39%"
"01/06/2022","1,788.68","1,809.94","1,811.89","1,786.03","","-1.15%"
"01/05/2022","1,809.53","1,814.90","1,829.82","1,807.97","","-0.28%"
"01/04/2022","1,814.56","1,801.34","1,816.83","1,798.44","","0.76%"
"01/03/2022","1,800.85","1,830.14","1,832.06","1,797.93","","-1.51%"