All_Date,MF_NAV,ETF_Price,ETF_Open,ETF_High,ETF_Low,ETF_Vol,ETF_Change,USD_Price,USD_Open,USD_High,USD_Low,USD_Change,Gold_Open,Gold_High,Gold_Low,Gold_Close,Gold_Volume
01-02-2023,10.8613,47.2,46.85,47.65,46.65,71.20K,0.53%,82.745,82.67,82.8,82.56,0.03%,,,,,
01-03-2023,10.9525,47.6,47.85,47.85,47.35,133.23K,0.85%,82.774,82.698,83.038,82.654,0.04%,1836.199951171875,1839.699951171875,1836.199951171875,1839.699951171875,29
01-04-2023,11.0553,48.05,47.65,48.1,47.5,119.40K,0.95%,82.641,82.779,82.919,82.667,-0.16%,1845.5999755859375,1859.0999755859375,1845.5999755859375,1852.800048828125,25
01-05-2023,10.991,47.8,48,48.05,47.7,53.18K,-0.52%,82.568,82.74,82.808,82.426,-0.09%,1855.199951171875,1855.199951171875,1834.800048828125,1834.800048828125,24
01-06-2023,10.9449,47.6,48.1,48.1,47.45,90.70K,-0.42%,82.27,82.604,82.785,82.275,-0.36%,1838.4000244140625,1868.199951171875,1835.300048828125,1864.199951171875,26
01-09-2023,11.0602,48.1,48,48.25,47.9,60.80K,1.05%,82.17,82.234,82.454,82.095,-0.12%,1867,1880,1867,1872.699951171875,62
01-10-2023,11.0145,47.9,48,48.15,47.7,62.57K,-0.42%,81.602,82.185,82.317,81.604,-0.69%,1877.800048828125,1878.0999755859375,1871.5999755859375,1871.5999755859375,101
01-11-2023,11.06,48.1,47.95,48.15,47.75,70.36K,0.42%,81.637,81.625,81.83,81.496,0.04%,1873.0999755859375,1877.800048828125,1873.0999755859375,1874.5999755859375,1236
01-12-2023,11.0362,48,48.05,48.3,47.85,27.97K,-0.21%,81.1,81.657,81.754,81.11,-0.66%,1877.199951171875,1897.4000244140625,1877.199951171875,1895.5,59
01-13-2023,11.0823,48.2,48.25,48.3,47.85,70.45K,0.42%,81.28,81.115,81.522,81.115,0.22%,1899,1920.9000244140625,1898.300048828125,1918.4000244140625,512
01-16-2023,11.1742,48.6,48.45,48.75,48.1,348.20K,0.83%,81.628,81.227,81.749,81.197,0.43%,,,,,
01-17-2023,11.1741,48.6,48.75,48.8,48.5,66.39K,0.00%,81.63,81.71,81.889,81.547,0.00%,1920.0999755859375,1920.0999755859375,1905.199951171875,1907.199951171875,706
01-18-2023,11.151,48.5,48.5,48.6,48.35,76.21K,-0.21%,81.44,81.675,81.829,81.163,-0.23%,1911.0999755859375,1911.0999755859375,1903.0999755859375,1904.4000244140625,1027
01-19-2023,11.1396,48.45,48.5,48.55,48.3,49.81K,-0.10%,81.24,81.44,81.455,81.207,-0.25%,1922.0999755859375,1931.800048828125,1922.0999755859375,1922.0999755859375,371
01-20-2023,11.2192,48.8,48.7,48.9,48.6,60.26K,0.72%,80.979,81.281,81.31,80.973,-0.32%,1922.0999755859375,1928.5,1921.4000244140625,1926.4000244140625,1346
01-23-2023,11.2077,48.75,49.15,49.15,48.65,83.01K,-0.10%,81.478,80.933,81.509,80.874,0.62%,1926.5,1927.0999755859375,1915,1927.0999755859375,218
01-24-2023,11.2648,49,48.95,49.1,48.9,149.85K,0.51%,81.594,81.488,81.77,81.41,0.14%,1931.800048828125,1936.800048828125,1931.800048828125,1933.9000244140625,201
01-25-2023,11.2305,48.85,49.2,49.2,48.75,97.29K,-0.31%,81.491,81.602,81.78,81.477,-0.13%,1941.199951171875,1941.199951171875,1939.800048828125,1941.199951171875,7
01-27-2023,11.2078,48.75,48.95,49,48.6,65.21K,-0.20%,81.51,81.509,81.679,81.473,0.11%,1928.5999755859375,1928.5999755859375,1928.5999755859375,1928.5999755859375,150902
01-30-2023,11.2193,48.8,49.05,49.05,48.5,326.01K,0.10%,81.52,81.548,81.725,81.461,0.01%,1928.300048828125,1933.5999755859375,1920.300048828125,1922.9000244140625,27220
01-31-2023,11.2079,48.75,48.95,48.95,48.6,82.51K,-0.10%,81.739,81.599,82.079,81.55,0.27%,1923,1930.4000244140625,1900.5999755859375,1929.5,1910
02-01-2023,11.334,49.3,48.95,49.4,48.75,233.02K,1.13%,81.73,81.765,82.041,81.676,-0.01%,1927.199951171875,1955,1922,1927.800048828125,2290
02-02-2023,11.5845,50.4,49.6,50.4,49.6,228.26K,2.23%,82.039,81.698,82.272,81.685,0.38%,1952.300048828125,1959.0999755859375,1911.300048828125,1916.300048828125,748
02-03-2023,11.3559,49.4,50,50,49.3,169.84K,-1.98%,82.206,82.044,82.326,81.745,0.20%,1912.4000244140625,1917,1861.5,1862.9000244140625,992
02-06-2023,11.2758,49.05,49.15,49.2,48.6,104.96K,-0.71%,82.74,82.388,82.85,82.316,0.65%,1865.5999755859375,1880,1863.4000244140625,1866.199951171875,424
02-07-2023,11.2529,48.95,49.15,49.2,48.9,102.69K,-0.20%,82.86,82.755,82.906,82.618,0.15%,1870,1875.699951171875,1868,1871.699951171875,297
02-08-2023,11.3223,49.25,49.05,49.3,48.95,143.24K,0.61%,82.65,82.734,82.761,82.472,-0.25%,1872.0999755859375,1880.4000244140625,1872.0999755859375,1877.4000244140625,230
02-09-2023,11.2994,49.15,49.35,49.35,49.05,38.90K,-0.20%,82.511,82.656,82.679,82.402,-0.17%,1875.300048828125,1884.5999755859375,1859.800048828125,1866.199951171875,223
02-10-2023,11.1961,48.7,48.85,48.9,48.6,68.57K,-0.92%,82.51,82.535,82.644,82.33,0.00%,1861.5999755859375,1863.5,1852.4000244140625,1862.800048828125,27
02-13-2023,11.1846,48.65,48.85,48.9,48.5,103.89K,-0.10%,82.592,82.582,82.788,82.577,0.10%,1859,1861,1850,1851.9000244140625,569
02-14-2023,11.2189,48.8,48.85,48.9,48.5,100.02K,0.31%,82.91,82.597,83.047,82.565,0.39%,1854.0999755859375,1862,1846.199951171875,1854,656
02-15-2023,11.0934,48.25,48.55,48.95,45.8,64.75K,-1.13%,82.75,82.842,82.972,82.765,-0.19%,1842,1842,1828.199951171875,1834.199951171875,368
02-16-2023,11.082,48.2,48.4,48.45,48.05,152.17K,-0.10%,82.71,82.719,82.845,82.59,-0.05%,1838.5999755859375,1843.699951171875,1827.199951171875,1842,222
02-17-2023,11.0017,47.85,48.25,48.25,47.8,59.48K,-0.73%,82.75,82.703,82.872,82.703,0.05%,1827.4000244140625,1842.199951171875,1818.4000244140625,1840.4000244140625,35
02-20-2023,11.1273,48.4,48.35,48.45,47.85,108.72K,1.15%,82.693,82.72,82.763,82.604,-0.07%,,,,,
02-21-2023,11.0695,48.15,48.35,48.35,48.1,38.47K,-0.52%,82.844,82.691,82.892,82.68,0.18%,1842.5999755859375,1843,1833,1833,862
02-22-2023,11.093,48.25,48.35,48.35,48.15,28.34K,0.21%,82.83,82.844,82.937,82.776,-0.02%,1835.699951171875,1836.199951171875,1825.0999755859375,1832,278
02-23-2023,11.0243,47.95,48.2,48.2,47.85,54.99K,-0.62%,82.59,82.799,82.835,82.562,-0.29%,1826.4000244140625,1827.5,1818,1818,291
02-24-2023,10.99,47.8,47.7,48.05,47.7,42.87K,-0.31%,82.897,82.643,83.026,82.628,0.37%,1808.800048828125,1808.800048828125,1808.800048828125,1808.800048828125,404
02-27-2023,10.9099,47.45,47.75,48.1,47.4,203.48K,-0.73%,82.642,82.871,82.951,82.627,-0.31%,1811.5999755859375,1817.5,1808.9000244140625,1817,829
02-28-2023,10.9102,47.45,47.7,47.7,47.45,132.50K,0.00%,82.64,82.69,82.761,82.554,0.00%,1808.0999755859375,1830,1808.0999755859375,1828.9000244140625,618
03-01-2023,11.0389,48,47.6,48.1,47.6,22.38K,1.16%,82.43,82.588,82.634,82.365,-0.25%,1827.0999755859375,1841.699951171875,1827.0999755859375,1837.699951171875,211
03-02-2023,11.0389,48,48.05,48.1,47.85,23.47K,0.00%,82.35,82.425,82.628,82.355,-0.10%,1830,1836.300048828125,1830,1833.5,154
03-03-2023,11.016,47.9,48.15,48.2,47.8,37.66K,-0.21%,81.68,82.348,82.407,81.685,-0.81%,1837.300048828125,1855.4000244140625,1837.300048828125,1847.699951171875,61
03-06-2023,11.0389,48,47.3,48.1,47.3,52.10K,0.21%,81.81,81.778,81.973,81.61,0.16%,1853.300048828125,1853.800048828125,1844.199951171875,1847.9000244140625,5
03-08-2023,10.8903,47.35,47.7,47.7,47.1,59.69K,-1.35%,81.95,82.037,82.298,81.859,-0.06%,1811.5999755859375,1812.9000244140625,1811.5,1812.699951171875,75
03-09-2023,10.856,47.2,47.35,47.4,47,82.11K,-0.32%,82.02,81.967,82.088,81.763,0.09%,1816.4000244140625,1829.300048828125,1815.5999755859375,1829.300048828125,332
03-10-2023,10.9244,47.5,47.75,47.75,47.25,168.57K,0.64%,81.96,82.037,82.21,81.843,-0.07%,1852.300048828125,1868.5,1852,1862,248
03-13-2023,11.1972,48.7,47.85,49.05,47.85,88.22K,2.53%,82.235,81.677,82.312,81.677,0.34%,1890.800048828125,1913.0999755859375,1875.0999755859375,1911.699951171875,503
03-14-2023,11.3008,49.15,49.05,49.35,49,86.85K,0.92%,82.245,82.299,82.579,82.235,0.01%,1912.199951171875,1912.199951171875,1901.0999755859375,1906.199951171875,107
03-15-2023,11.2094,48.75,49.3,49.3,48.65,36.33K,-0.81%,82.88,82.28,82.92,82.211,0.77%,1903.9000244140625,1926.5999755859375,1898.5,1926.5999755859375,564
03-16-2023,11.3814,49.5,49.8,49.8,49.2,100.34K,1.54%,82.62,82.773,82.851,82.592,-0.31%,1909.9000244140625,1931.699951171875,1909.9000244140625,1919,394
03-17-2023,11.4159,49.65,49.6,49.75,49.45,71.97K,0.30%,82.52,82.615,82.701,82.419,-0.12%,1946,1985.0999755859375,1946,1969.800048828125,82
03-20-2023,11.6686,50.75,50.1,51.25,50.05,307.28K,2.22%,82.51,82.495,82.727,82.452,-0.01%,1988.300048828125,2003.9000244140625,1968.9000244140625,1979.199951171875,389
03-21-2023,11.6112,50.5,50.75,50.85,50.3,134.19K,-0.49%,82.677,82.516,82.733,82.516,0.20%,1973.800048828125,1973.800048828125,1938,1938,47
03-22-2023,11.5064,50.05,50.3,50.3,49.85,92.32K,-0.89%,82.505,82.677,82.742,82.395,-0.21%,1946.800048828125,1974,1946.800048828125,1946.800048828125,50
03-23-2023,11.6112,50.5,50.35,50.75,50.35,105.84K,0.90%,82.236,82.524,82.542,82.053,-0.33%,1990.5,1994.5999755859375,1990.5,1993.800048828125,33
03-24-2023,11.7015,50.9,50.8,51.15,50.6,136.73K,0.79%,82.334,82.265,82.524,82.195,0.12%,1991.699951171875,1995.4000244140625,1982.0999755859375,1982.0999755859375,19
03-27-2023,11.5874,50.4,50.65,50.7,50.2,132.36K,-0.98%,82.18,82.374,82.441,82.2,-0.19%,1957.199951171875,1957.199951171875,1952.4000244140625,1952.4000244140625,877
03-28-2023,11.5532,50.25,50.4,50.4,50.2,90.11K,-0.30%,82.172,82.195,82.29,82.113,-0.01%,1972.4000244140625,1972.4000244140625,1972.4000244140625,1972.4000244140625,21
03-29-2023,11.6786,50.8,50.45,51,50.3,98.42K,1.09%,82.178,82.164,82.39,82.164,0.01%,1966.0999755859375,1966.0999755859375,1966.0999755859375,1966.0999755859375,88563
03-31-2023,11.7242,51,51.05,51.5,50.65,245.69K,0.39%,82.16,82.088,82.282,82.044,0.10%,1981.300048828125,1986.800048828125,1968,1969,957
04-03-2023,11.6899,50.85,51,51,50.6,91.55K,-0.29%,82.19,82.391,82.484,82.19,0.04%,1968.0999755859375,1991.699951171875,1950,1983.9000244140625,737
04-05-2023,11.9421,51.95,51.5,52.15,51.25,180.15K,2.16%,81.92,82.123,82.217,81.843,-0.21%,2022.0999755859375,2033.800048828125,2013.5999755859375,2020.9000244140625,525
04-06-2023,11.9189,51.85,51.8,51.95,51.45,36.10K,-0.19%,81.82,81.953,82.059,81.81,-0.12%,2022.199951171875,2023.300048828125,2005,2011.9000244140625,0
04-10-2023,11.8391,51.5,51.45,51.7,51.1,145.37K,-0.68%,81.965,81.844,82.045,81.761,0.13%,2000,2006.5999755859375,1984,1989.0999755859375,652
04-11-2023,11.8734,51.65,51.65,51.75,51.35,67.75K,0.29%,82.04,81.966,82.16,81.927,0.09%,1991.4000244140625,2006.5,1991.4000244140625,2004.800048828125,68
04-12-2023,11.8848,51.7,51.75,52.1,51.6,53.36K,0.10%,81.93,82.088,82.126,81.93,-0.13%,2005.199951171875,2025.699951171875,2005.199951171875,2010.9000244140625,172
04-13-2023,11.9528,52,51.95,52.1,51.75,53.78K,0.58%,81.65,82.008,82.027,81.628,-0.34%,2015.5999755859375,2048.60009765625,2015.5999755859375,2041.300048828125,1043
04-17-2023,11.9185,51.85,51.8,52.1,51.35,90.81K,-0.29%,81.98,81.915,82.096,81.859,0.20%,2002.699951171875,2007.5999755859375,1983.199951171875,1994.199951171875,554
04-18-2023,11.8842,51.7,51.65,51.85,51.6,66.53K,-0.29%,82.08,81.995,82.115,81.948,0.12%,1996.9000244140625,2007.4000244140625,1996.9000244140625,2007.4000244140625,72
04-19-2023,11.7815,51.25,51.7,52.05,51.1,49.34K,-0.87%,82.265,82.098,82.288,82.057,0.23%,2005.699951171875,2006.4000244140625,1969.800048828125,1995.199951171875,61
04-20-2023,11.8728,51.65,51.8,51.8,51.45,48.03K,0.78%,82.12,82.308,82.355,82.05,-0.18%,1998,2007.5999755859375,1998,2007.5999755859375,164
04-21-2023,11.8271,51.45,51.9,51.9,51.4,30.23K,-0.39%,82.03,82.14,82.22,82.008,-0.11%,1996.199951171875,1996.199951171875,1974.0999755859375,1979.5,132
04-24-2023,11.7928,51.3,51.45,51.85,51.15,70.64K,-0.29%,81.95,82.095,82.115,81.865,-0.10%,1981.300048828125,1989.800048828125,1977.4000244140625,1989.0999755859375,145
04-25-2023,11.8269,51.45,51.45,51.65,51.35,56.05K,0.29%,81.965,81.871,82.043,81.852,0.02%,1995.699951171875,1999.0999755859375,1982.300048828125,1994,306
04-26-2023,11.8384,51.5,51.8,51.8,51.45,105.56K,0.10%,81.74,82.004,82.026,81.679,-0.27%,1997.800048828125,1998.800048828125,1985.5999755859375,1985.699951171875,615
04-27-2023,11.8498,51.55,51.7,51.75,51.5,52.27K,0.10%,81.695,81.732,81.864,81.594,-0.06%,1990.5999755859375,2002.300048828125,1979.9000244140625,1989.9000244140625,355
04-28-2023,11.8156,51.4,51.7,51.7,51.2,21.30K,-0.29%,81.72,81.72,81.87,81.706,0.03%,1986.9000244140625,1990.0999755859375,1977.699951171875,1990.0999755859375,152
05-02-2023,11.827,51.45,51.5,51.6,51.25,37.76K,0.10%,81.75,81.795,81.961,81.715,-0.02%,1994.699951171875,2018,1994.699951171875,2014.300048828125,1896
05-03-2023,11.9863,52.15,51.8,52.25,51.8,64.67K,1.36%,81.755,81.788,81.872,81.67,0.01%,2017.0999755859375,2035.0999755859375,2015.199951171875,2028.5999755859375,1349
05-04-2023,12.0997,52.65,52.45,52.75,52.3,166.82K,0.96%,81.71,81.762,81.829,81.652,-0.06%,2045,2072,2040,2048,930
05-05-2023,12.0882,52.6,52.65,53,52.45,64.14K,-0.09%,81.7,81.718,81.827,81.652,-0.01%,2046.4000244140625,2046.4000244140625,2004.300048828125,2017.4000244140625,59
05-08-2023,11.9735,52.1,52.5,52.5,52,88.00K,-0.95%,81.77,81.711,81.836,81.659,0.09%,2022.5,2026.300048828125,2022.5,2026.300048828125,3
05-09-2023,12.0539,52.45,52,52.5,52,38.32K,0.67%,82.1,81.787,82.162,81.771,0.40%,2026.5999755859375,2037.300048828125,2025.9000244140625,2036.199951171875,241
05-10-2023,12.0767,52.55,52.5,52.65,52.4,30.60K,0.19%,81.9,82.105,82.114,81.875,-0.24%,2032.300048828125,2044.300048828125,2029.5,2030.5,248
05-11-2023,12.0882,52.6,52.9,52.9,52.35,89.65K,0.10%,82.09,81.926,82.195,81.901,0.23%,2034.0999755859375,2038.300048828125,2014,2014.699951171875,90
05-12-2023,11.985,52.15,52.5,52.5,52,86.48K,-0.86%,82.173,82.12,82.244,82.095,0.10%,2014.5,2014.5,2014.5,2014.5,115
05-15-2023,12.0194,52.3,52.25,52.7,52.2,76.46K,0.29%,82.237,82.244,82.388,82.182,0.08%,2013.800048828125,2018,2013.800048828125,2018,3
05-16-2023,11.985,52.15,52.35,52.45,52.1,45.67K,-0.29%,82.264,82.239,82.317,82.16,0.03%,1988.4000244140625,1988.4000244140625,1988.4000244140625,1988.4000244140625,49
05-17-2023,11.9163,51.85,52,52,51.65,114.98K,-0.58%,82.4,82.272,82.46,82.26,0.17%,1983.5999755859375,1983.5999755859375,1980.699951171875,1980.699951171875,13
05-18-2023,11.9163,51.85,52.15,52.15,51.6,118.95K,0.00%,82.72,82.453,82.797,82.348,0.39%,1956.5,1956.800048828125,1956.5,1956.5,23
05-19-2023,11.8591,51.6,51.65,51.7,51.45,71.41K,-0.48%,82.878,82.767,82.953,82.623,0.19%,1960,1978.699951171875,1960,1978.699951171875,106
05-22-2023,11.9738,52.1,52.15,52.15,51.75,100.40K,0.97%,82.84,82.809,82.903,82.725,-0.05%,1980.5,1980.5,1974.800048828125,1974.800048828125,8
05-23-2023,11.8475,51.55,51.85,51.9,51.4,65.54K,-1.06%,82.83,82.835,82.89,82.749,-0.01%,1972.4000244140625,1972.4000244140625,1972.4000244140625,1972.4000244140625,1
05-24-2023,11.9049,51.8,51.8,52,51.7,25.49K,0.48%,82.67,82.88,82.897,82.57,-0.19%,1975.4000244140625,1975.4000244140625,1962.800048828125,1962.800048828125,189
05-25-2023,11.859,51.6,51.7,51.7,51.25,41.97K,-0.39%,82.733,82.68,82.821,82.666,0.08%,1943.0999755859375,1943.0999755859375,1943.0999755859375,1943.0999755859375,1
05-26-2023,11.8361,51.5,51.5,51.7,51.25,125.39K,-0.19%,82.57,82.745,82.748,82.542,-0.20%,1948.199951171875,1948.4000244140625,1944.0999755859375,1944.0999755859375,166036
05-29-2023,11.767,51.2,51.45,51.45,51.15,54.25K,-0.58%,82.586,82.591,82.682,82.511,0.02%,,,,,
05-30-2023,11.7785,51.25,51.35,51.55,50.9,183.86K,0.10%,82.665,82.557,82.794,82.548,0.10%,1942.699951171875,1962.5999755859375,1931,1958,37838
05-31-2023,11.7899,51.3,51.45,51.65,51.1,61.61K,0.10%,82.68,82.648,82.777,82.62,0.02%,1958.199951171875,1973,1953,1963.9000244140625,5959
06-01-2023,11.7669,51.2,51.75,51.75,51.1,62.94K,-0.19%,82.266,82.666,82.668,82.268,-0.50%,1963.199951171875,1983,1954.300048828125,1978,750
06-02-2023,11.8358,51.5,51.7,51.7,51.35,41.26K,0.59%,82.398,82.277,82.447,82.262,0.16%,1977.0999755859375,1982.5,1947.4000244140625,1952.4000244140625,356
06-05-2023,11.6979,50.9,51.15,51.45,50.9,134.29K,-1.17%,82.52,82.456,82.697,82.398,0.15%,1947.5,1961.9000244140625,1937.800048828125,1958,713
06-06-2023,11.7783,51.25,51.4,51.4,51.05,79.17K,0.69%,82.51,82.511,82.663,82.483,-0.01%,1960.800048828125,1965.5,1958.800048828125,1965.5,164
06-07-2023,11.7897,51.3,51.4,51.4,51,39.87K,0.10%,82.5,82.51,82.587,82.454,-0.01%,1959,1968.4000244140625,1940.699951171875,1942.699951171875,139
06-08-2023,11.7209,51,51.05,51.1,50.8,55.18K,-0.58%,82.488,82.628,82.628,82.475,-0.01%,1943.199951171875,1969,1943.0999755859375,1963.5999755859375,433
06-09-2023,11.7781,51.25,51.45,51.45,51.05,55.80K,0.49%,82.44,82.515,82.525,82.404,-0.06%,1965.0999755859375,1969.800048828125,1960.300048828125,1962.199951171875,49
06-12-2023,11.7436,51.1,51.25,51.3,50.85,62.04K,-0.29%,82.39,82.463,82.504,82.4,-0.06%,1959.699951171875,1963.5,1951.4000244140625,1955.300048828125,212
06-13-2023,11.7665,51.2,51.3,51.3,50.9,52.47K,0.20%,82.229,82.401,82.473,82.152,-0.20%,1960.5999755859375,1967.5,1940.300048828125,1944.5999755859375,343
06-14-2023,11.6863,50.85,50.95,51.05,50.55,149.70K,-0.68%,81.95,82.242,82.335,81.897,-0.34%,1946.199951171875,1958.199951171875,1940.300048828125,1955.300048828125,202
06-15-2023,11.5828,50.4,50.65,50.65,50.35,57.53K,-0.88%,81.9,82.045,82.279,81.905,-0.06%,1941.699951171875,1958.800048828125,1926,1957.800048828125,329
06-16-2023,11.6748,50.8,50.9,51,50.65,50.70K,0.79%,81.91,81.913,82.03,81.841,0.01%,1961.4000244140625,1962.9000244140625,1953.5,1958.4000244140625,119
06-19-2023,11.6632,50.75,50.85,50.9,50.65,37.47K,-0.10%,81.91,81.976,82.011,81.879,0.00%,,,,,
06-20-2023,11.6402,50.65,50.8,50.8,50.4,94.11K,-0.20%,82,81.915,82.173,81.915,0.11%,1958.5999755859375,1958.5999755859375,1931.300048828125,1935.5,193
06-21-2023,11.5714,50.35,50.4,50.45,50.15,114.69K,-0.59%,81.93,81.992,82.135,81.94,-0.09%,1935.5999755859375,1936.800048828125,1920,1933.300048828125,557
06-22-2023,11.491,50,50.45,50.5,49.9,116.01K,-0.70%,81.95,81.961,82.017,81.878,0.02%,1920,1921,1912.0999755859375,1912.699951171875,237
06-23-2023,11.4334,49.75,49.85,49.95,49.7,97.28K,-0.50%,81.98,81.927,82.089,81.926,0.04%,1918.699951171875,1932.5,1918.699951171875,1919.0999755859375,105
06-26-2023,11.5137,50.1,49.85,50.2,49.75,74.15K,0.70%,81.97,81.971,82.086,81.935,-0.01%,1922.9000244140625,1928.5,1922.5,1923.699951171875,71
06-27-2023,11.4562,49.85,50.25,50.25,49.8,119.98K,-0.50%,81.983,82.03,82.05,81.934,0.02%,1927,1929.4000244140625,1914,1914,49
06-28-2023,11.4332,49.75,49.8,50,49.65,42.20K,-0.20%,82.02,81.991,82.099,81.966,0.05%,1912.300048828125,1912.300048828125,1912.300048828125,1912.300048828125,628
06-30-2023,11.3527,49.4,50.1,50.1,49.35,102.76K,-0.70%,82.091,82.09,82.135,81.997,-0.01%,1908.5999755859375,1921.0999755859375,1900.5999755859375,1921.0999755859375,445
07-03-2023,11.4217,49.7,49.5,49.85,49.45,53.47K,0.61%,81.94,82.061,82.072,81.753,-0.18%,1917.9000244140625,1929.5,1917.9000244140625,1921.699951171875,41
07-04-2023,11.4678,49.9,49.75,50.1,49.75,120.09K,0.40%,81.946,81.975,82.045,81.868,0.01%,,,,,
07-05-2023,11.5367,50.2,50.05,50.3,49.8,136.64K,0.60%,82.397,82.047,82.413,81.994,0.55%,1923.5,1933.9000244140625,1914.699951171875,1919.5999755859375,193
07-06-2023,11.5022,50.05,50.15,50.2,49.95,46.37K,-0.30%,82.758,82.398,82.821,82.297,0.44%,1909.300048828125,1910.199951171875,1903.199951171875,1908.699951171875,81
07-07-2023,11.5366,50.2,50.2,50.2,49.9,32.64K,0.30%,82.61,82.766,82.778,82.545,-0.18%,1913.4000244140625,1934.0999755859375,1913.4000244140625,1926.199951171875,61
07-10-2023,11.5135,50.1,50.6,50.6,50,58.14K,-0.20%,82.52,82.665,82.689,82.52,-0.11%,1923.5999755859375,1926.0999755859375,1912.300048828125,1925,269
07-11-2023,11.548,50.25,50.2,50.35,49.95,51.71K,0.30%,82.39,82.55,82.563,82.324,-0.16%,1925,1937,1924.199951171875,1931.300048828125,142
07-12-2023,11.548,50.25,50.35,50.4,50.15,62.76K,0.00%,81.98,82.405,82.421,81.962,-0.50%,1932.300048828125,1958,1932.199951171875,1956.199951171875,132
07-13-2023,11.6512,50.7,50.9,50.9,50.45,49.15K,0.90%,82.04,82.001,82.146,81.948,0.07%,1961.0999755859375,1961.0999755859375,1953,1959.199951171875,121
07-14-2023,11.6168,50.55,50.7,51.3,50.5,138.07K,-0.30%,82.049,82.01,82.203,81.926,0.01%,1958.4000244140625,1960.5999755859375,1952.699951171875,1960.0999755859375,94
07-17-2023,11.6053,50.5,53.2,53.2,50.45,212.94K,-0.10%,82.04,82.127,82.209,81.988,-0.01%,1954,1956.5,1946.5999755859375,1952.4000244140625,29
07-18-2023,11.6397,50.65,50.5,50.8,50.45,97.68K,0.30%,82.06,82.062,82.114,81.961,0.02%,1968.800048828125,1978.4000244140625,1963.4000244140625,1977.199951171875,83
07-19-2023,11.7316,51.05,51.15,51.15,50.85,85.53K,0.79%,82.05,82.087,82.166,82.024,-0.01%,1977,1977.5,1973,1977.5,35
07-20-2023,11.743,51.1,51.1,51.35,51,49.76K,0.10%,82.07,82.064,82.087,81.908,0.02%,1973.699951171875,1973.699951171875,1965.5999755859375,1968.300048828125,638
07-21-2023,11.6626,50.75,51.1,51.1,50.65,55.44K,-0.68%,81.98,82.084,82.091,81.928,-0.11%,1961.800048828125,1964.300048828125,1961.800048828125,1964.300048828125,50
07-24-2023,11.628,50.6,50.75,50.8,50.6,73.11K,-0.30%,81.79,82.035,82.052,81.786,-0.23%,1965.300048828125,1965.5,1960.300048828125,1960.300048828125,2
07-25-2023,11.6625,50.75,50.8,50.8,50.4,74.41K,0.30%,81.85,81.815,81.918,81.666,0.07%,1953,1962.5,1953,1962.0999755859375,19
07-26-2023,11.674,50.8,50.75,50.95,50.6,567.13K,0.10%,81.95,81.899,82.078,81.863,0.12%,1966.199951171875,1972,1966.199951171875,1968.9000244140625,51
07-27-2023,11.7084,50.95,51.3,51.3,50.85,42.13K,0.30%,82.15,81.938,82.248,81.88,0.24%,1945.4000244140625,1945.4000244140625,1945.4000244140625,1945.4000244140625,194253
07-28-2023,11.6166,50.55,50.75,50.8,50.45,56.60K,-0.79%,82.225,82.155,82.354,82.155,0.09%,1945.5,1962.199951171875,1944.199951171875,1960.4000244140625,23155
07-31-2023,11.6395,50.65,50.6,50.8,50.55,110.61K,0.20%,82.24,82.227,82.313,82.205,0.02%,1959.199951171875,1971.5999755859375,1950,1970.5,1025
08-01-2023,11.6395,50.65,50.9,50.95,50.6,182.70K,0.00%,82.34,82.24,82.357,82.222,0.12%,1964.9000244140625,1965.4000244140625,1940.699951171875,1940.699951171875,688
08-02-2023,11.651,50.7,50.75,50.8,50.55,145.57K,0.10%,82.73,82.352,82.811,82.321,0.47%,1948.4000244140625,1953.5999755859375,1933.199951171875,1937.4000244140625,652
08-03-2023,11.6165,50.55,50.7,50.7,50.5,56.84K,-0.30%,82.75,82.719,82.826,82.665,0.02%,1934.199951171875,1936.5,1928,1932,773
08-04-2023,11.605,50.5,50.65,50.65,50.35,77.21K,-0.10%,82.668,82.74,82.893,82.674,-0.10%,1934.9000244140625,1945,1920,1939.5999755859375,290
08-07-2023,11.6049,50.5,50.6,50.65,50.5,71.94K,0.00%,82.75,82.741,82.785,82.678,0.10%,1941,1941,1929.800048828125,1933.5,376
08-08-2023,11.6279,50.6,50.5,50.65,50.5,26.86K,0.20%,82.853,82.76,82.984,82.748,0.12%,1931.699951171875,1933.199951171875,1923,1924.0999755859375,555
08-09-2023,11.6049,50.5,50.6,50.65,50.4,129.42K,-0.20%,82.844,82.878,82.88,82.783,-0.01%,1925.4000244140625,1928.800048828125,1913.699951171875,1915.4000244140625,451
08-10-2023,11.559,50.3,50.45,50.45,50.1,42.86K,-0.40%,82.616,82.84,82.861,82.59,-0.28%,1921.0999755859375,1927.800048828125,1911.4000244140625,1914.4000244140625,178
08-11-2023,11.5475,50.25,50.4,50.4,50.1,26.31K,-0.10%,82.87,82.789,82.911,82.725,0.31%,1913,1916.5999755859375,1911.800048828125,1912.9000244140625,57
08-14-2023,11.5589,50.3,50.25,50.35,50.05,32.78K,0.10%,83.17,82.895,83.301,82.895,0.36%,1909.300048828125,1912.5999755859375,1903.300048828125,1910.5999755859375,46
08-16-2023,11.5359,50.2,50.3,50.3,50.05,29.54K,-0.20%,83.209,83.24,83.443,83.085,0.00%,1904.5,1904.5,1890.300048828125,1896.0999755859375,22
08-17-2023,11.49,50,50.05,50.05,49.8,124.37K,-0.40%,83.13,83.222,83.268,82.989,-0.10%,1893.699951171875,1902.4000244140625,1884,1884.0999755859375,245
08-18-2023,11.4786,49.95,50.1,50.1,49.75,196.80K,-0.10%,83.14,83.086,83.221,83.018,0.01%,1891.800048828125,1891.800048828125,1886.0999755859375,1886.0999755859375,19
08-21-2023,11.4668,49.9,49.95,49.95,49.7,86.43K,-0.10%,83.09,83.193,83.217,83.021,-0.06%,1893.5999755859375,1893.5999755859375,1893.300048828125,1893.300048828125,876
08-22-2023,11.4783,49.95,49.85,50.05,49.85,35.86K,0.10%,83.04,83.113,83.122,82.909,-0.06%,1894.5999755859375,1896.800048828125,1892.800048828125,1896.4000244140625,46
08-23-2023,11.4782,49.95,50,50.15,49.85,55.28K,0.00%,82.508,83.082,83.09,82.449,-0.64%,1909.5999755859375,1918.5,1909.5999755859375,1918.5,547
08-24-2023,11.5126,50.1,50.1,50.2,49.95,49.04K,0.30%,82.58,82.579,82.646,82.359,0.09%,1920,1920.800048828125,1918.199951171875,1918.199951171875,337
08-25-2023,11.5471,50.25,50.2,50.3,50,143.12K,0.30%,82.637,82.605,82.74,82.532,0.07%,1919.800048828125,1919.800048828125,1911.0999755859375,1911.0999755859375,195
08-28-2023,11.5126,50.1,50.45,50.45,49.95,67.44K,-0.30%,82.6,82.585,82.662,82.527,-0.04%,1915.5,1921.5,1915.5,1917.9000244140625,99
08-29-2023,11.5355,50.2,50.2,50.35,50.1,100.22K,0.20%,82.574,82.646,82.842,82.576,-0.03%,1917.9000244140625,1936.5,1916.9000244140625,1936.5,1674
08-30-2023,11.6044,50.5,50.4,50.65,50.3,237.40K,0.60%,82.607,82.593,82.819,82.568,0.04%,1936,1946.4000244140625,1934.5999755859375,1944.300048828125,396
08-31-2023,11.6158,50.55,50.8,50.8,50.5,113.89K,0.10%,82.702,82.678,82.799,82.582,0.11%,1944.4000244140625,1944.4000244140625,1938.199951171875,1938.199951171875,491
09-01-2023,11.6273,50.6,50.55,50.7,50.4,46.00K,0.10%,82.689,82.647,82.784,82.576,-0.02%,1950,1950,1936.5999755859375,1939.800048828125,167
09-04-2023,11.6616,50.75,50.9,50.9,50.5,47.70K,0.30%,82.715,82.67,82.785,82.65,0.03%,,,,,
09-05-2023,11.6501,50.7,50.7,50.75,50.5,59.84K,-0.10%,83.033,82.753,83.097,82.712,0.38%,1934.4000244140625,1934.4000244140625,1924.699951171875,1926.199951171875,113
09-06-2023,11.6157,50.55,50.6,50.65,50.5,19.74K,-0.30%,83.197,83.075,83.258,82.986,0.20%,1924.0999755859375,1925.300048828125,1916.300048828125,1918.0999755859375,24
09-07-2023,11.5581,50.3,50.55,50.6,50.3,72.41K,-0.49%,83.15,83.22,83.271,83.076,-0.06%,1917.5999755859375,1921.5,1917.5,1917.5,41
09-08-2023,11.6155,50.55,50.35,50.65,50.25,29.88K,0.50%,83.004,83.133,83.184,82.902,-0.18%,1924,1924.699951171875,1918.4000244140625,1918.4000244140625,105
09-11-2023,11.5578,50.3,50.6,50.6,50.2,145.09K,-0.49%,82.9,82.955,83.068,82.815,-0.13%,1923,1928.300048828125,1921.800048828125,1923.300048828125,50
09-12-2023,11.5233,50.15,50.3,50.45,50.1,75.92K,-0.30%,82.85,82.905,83.015,82.853,-0.06%,1920.800048828125,1920.800048828125,1911.300048828125,1911.300048828125,365
09-13-2023,11.5003,50.05,50.2,50.2,49.9,155.03K,-0.20%,82.934,82.873,83.039,82.855,0.10%,1910.300048828125,1914.5999755859375,1908.9000244140625,1909.0999755859375,15
09-14-2023,11.4768,49.95,50.15,50.15,49.8,98.68K,-0.20%,83.01,82.915,83.101,82.913,0.09%,1903,1910,1903,1910,169
09-15-2023,11.5456,50.25,50.05,50.3,50.05,21.80K,0.60%,83.069,83.063,83.202,82.981,0.07%,1923.5,1927.300048828125,1923.5,1923.699951171875,8
09-18-2023,11.603,50.5,50.7,50.7,50.25,49.82K,0.50%,83.27,83.106,83.36,83.085,0.24%,1928.199951171875,1931.5,1926.4000244140625,1931.5,19
09-20-2023,11.603,50.5,50.5,50.8,50.45,41.26K,0.00%,82.92,83.261,83.297,82.924,-0.47%,1945.5999755859375,1945.5999755859375,1929.199951171875,1945.5999755859375,119
09-21-2023,11.557,50.3,50.45,50.5,50.3,30.78K,-0.40%,83.102,83.193,83.222,83.005,0.22%,1924,1924,1919.199951171875,1919.199951171875,9
09-22-2023,11.5799,50.4,50.3,50.5,50.2,72.04K,0.20%,82.97,82.876,82.993,82.769,-0.16%,1925.4000244140625,1925.4000244140625,1925.4000244140625,1925.4000244140625,1
09-25-2023,11.5799,50.4,50.4,50.45,50.25,83.27K,0.00%,83.13,83.057,83.179,83.029,0.19%,1916.5999755859375,1916.5999755859375,1916.5999755859375,1916.5999755859375,114
09-26-2023,11.5106,50.1,50.4,50.4,50.05,130.72K,-0.60%,83.23,83.122,83.309,83.099,0.12%,1905,1905.0999755859375,1900.4000244140625,1900.4000244140625,161
09-27-2023,11.4761,49.95,49.95,50.1,49.8,23.14K,-0.30%,83.181,83.297,83.312,83.153,-0.06%,1871.5999755859375,1871.5999755859375,1871.5999755859375,1871.5999755859375,12251
09-29-2023,11.3611,49.45,49.4,49.45,49.25,77.54K,-0.20%,83.03,83.209,83.209,83.012,-0.14%,1864.300048828125,1872.300048828125,1846,1848.0999755859375,1605
10-03-2023,11.1773,48.65,48.9,49,48.45,213.16K,-1.62%,83.214,83.233,83.271,83.127,0.05%,1825,1830.9000244140625,1816.800048828125,1824.5999755859375,310
10-04-2023,11.0969,48.3,49,49,48.15,186.72K,-0.72%,83.25,83.235,83.346,83.173,0.04%,1821.800048828125,1828.199951171875,1816.4000244140625,1818.5,357
10-05-2023,11.1083,48.35,48.3,48.7,48.3,74.28K,0.10%,83.2,83.214,83.305,83.178,-0.06%,1826.300048828125,1826.300048828125,1815.5999755859375,1816.5999755859375,393
10-06-2023,11.1083,48.35,48.5,48.7,48.25,127.25K,0.00%,83.118,83.218,83.303,83.121,-0.10%,1819,1831.800048828125,1809.4000244140625,1830.199951171875,390
10-09-2023,11.2461,48.95,49.4,49.65,48.55,124.35K,1.24%,83.254,83.187,83.348,83.162,0.16%,1842.5,1861.5,1842.5,1849.5,232
10-10-2023,11.3035,49.2,49.35,49.6,48.95,106.02K,0.51%,83.162,83.266,83.282,83.17,-0.11%,1857,1861.4000244140625,1852.800048828125,1861,236
10-11-2023,11.3264,49.3,49.5,49.5,49.05,84.00K,0.20%,83.16,83.217,83.246,83.116,0.00%,1869.5,1874.5999755859375,1869.0999755859375,1872.800048828125,65
10-12-2023,11.4063,49.65,49.15,49.7,49.15,134.62K,0.71%,83.29,83.175,83.302,83.125,0.16%,1874.699951171875,1881.199951171875,1867,1869.300048828125,46
10-13-2023,11.4406,49.8,49.55,49.8,49.35,81.18K,0.30%,83.255,83.25,83.297,83.211,-0.04%,1877.5,1930.0999755859375,1877.5,1927.4000244140625,43
10-16-2023,11.5437,50.25,50.8,50.8,50.15,107.32K,0.90%,83.19,83.264,83.296,83.183,-0.08%,1910.4000244140625,1921.0999755859375,1910.300048828125,1921.0999755859375,53
10-17-2023,11.6123,50.55,50.4,50.65,50.2,104.38K,0.60%,83.24,83.215,83.289,83.186,0.06%,1914.300048828125,1925.800048828125,1914.300048828125,1922.699951171875,103
10-18-2023,11.6811,50.85,50.85,51,50.6,141.85K,0.59%,83.29,83.255,83.31,83.211,0.06%,1935,1957.9000244140625,1935,1955.300048828125,67
10-19-2023,11.7497,51.15,51,51.2,50.7,185.03K,0.59%,83.097,83.284,83.306,83.082,-0.23%,1950.0999755859375,1977.699951171875,1945.699951171875,1968.4000244140625,1945
10-20-2023,11.8412,51.55,51.45,51.8,51.4,6.13M,0.78%,83.15,83.15,83.216,83.012,0.06%,1981.0999755859375,1988.5999755859375,1980.4000244140625,1982.5,557
10-23-2023,11.8755,51.7,51.6,51.85,51.3,174.58K,0.29%,83.071,83.16,83.206,83.085,-0.10%,1976.199951171875,1978.9000244140625,1972.9000244140625,1976.300048828125,127
10-25-2023,11.8526,51.6,51.75,51.75,51.3,1.99M,-0.19%,83.14,83.022,83.205,83.008,0.16%,1971.199951171875,1985.300048828125,1971.199951171875,1984.0999755859375,97
10-26-2023,11.9327,51.95,51.75,52.05,51.7,990.02K,0.68%,83.243,83.163,83.269,83.131,0.12%,1988.199951171875,1988.199951171875,1980.4000244140625,1987.199951171875,521
10-27-2023,11.9096,51.85,52.2,52.2,51.65,150.39K,-0.19%,83.265,83.272,83.301,83.19,0.03%,1988.5999755859375,1988.5999755859375,1988.5999755859375,1988.5999755859375,372
10-30-2023,11.9784,52.15,52.4,52.4,52.05,3.19M,0.58%,83.25,83.28,83.305,83.212,-0.02%,2004.0999755859375,2004.0999755859375,1992.5,1996.199951171875,157
10-31-2023,11.9899,52.2,52.15,52.35,52,1.54M,0.10%,83.256,83.26,83.293,83.221,0.01%,1996.5,2001,1983.699951171875,1985.199951171875,84
11-01-2023,11.8981,51.8,51.95,51.95,51.2,100.36K,-0.77%,83.237,83.278,83.337,83.225,-0.02%,1990.5,1990.5,1977.800048828125,1978.800048828125,41
11-02-2023,11.921,51.9,52.6,52.6,51.75,42.22K,0.19%,83.234,83.24,83.281,83.174,0.00%,1989.0999755859375,1990.300048828125,1979.5,1985.5999755859375,39
11-03-2023,11.9325,51.95,51.95,52.1,51.85,72.23K,0.10%,83.14,83.247,83.311,83.134,-0.11%,1989,1991.5,1989,1991.5,12
11-06-2023,11.9553,52.05,52.05,52.1,51.6,79.32K,0.19%,83.218,83.107,83.263,83.085,0.09%,1981.5999755859375,1981.5999755859375,1977.4000244140625,1981.5999755859375,130
11-07-2023,11.8634,51.65,51.85,52,51.55,47.43K,-0.77%,83.23,83.221,83.287,83.21,0.01%,1966.5,1966.800048828125,1960.699951171875,1966.800048828125,20
11-08-2023,11.8519,51.6,51.95,51.95,51.3,27.68K,-0.10%,83.213,83.234,83.31,83.208,-0.02%,1967.800048828125,1967.800048828125,1947.699951171875,1951.5,43
11-09-2023,11.7371,51.1,51.4,51.4,51.05,67.92K,-0.97%,83.315,83.232,83.341,83.216,0.12%,1951.699951171875,1964.199951171875,1945.300048828125,1964.199951171875,10
11-10-2023,11.829,51.5,51.5,52.8,51.4,156.40K,0.78%,83.309,83.302,83.499,83.224,-0.01%,1959.5999755859375,1959.5999755859375,1932.5999755859375,1932.5999755859375,375
11-13-2023,11.7257,51.05,51.7,51.7,51,95.31K,-0.58%,83.18,83.309,83.343,83.201,-0.15%,1939.9000244140625,1947.199951171875,1934,1945.5,191
11-15-2023,11.8856,51.75,51.6,51.8,51.3,116.58K,1.37%,83.188,82.98,83.213,82.962,0.26%,1962.800048828125,1962.800048828125,1960,1960.0999755859375,6
11-16-2023,11.8167,51.45,51.7,51.7,51.4,658.77K,-0.58%,83.152,83.186,83.273,83.153,-0.04%,1965.300048828125,1983.9000244140625,1964.5999755859375,1983.9000244140625,39
11-17-2023,11.9545,52.05,52.95,52.95,51.7,114.27K,1.17%,83.244,83.161,83.303,83.161,0.11%,1982.5,1984,1979.800048828125,1981.5999755859375,32
11-20-2023,11.9432,52,52.05,52.05,51.7,77.98K,-0.10%,83.317,83.265,83.424,83.23,0.09%,1978.699951171875,1979.4000244140625,1969.699951171875,1977.699951171875,182
11-21-2023,11.9889,52.2,52.35,52.55,52.05,52.64K,0.38%,83.308,83.321,83.38,83.228,-0.01%,1990.699951171875,2005.5,1988.5,1999.300048828125,16
11-22-2023,12.0462,52.45,52.3,52.5,52.25,171.36K,0.48%,83.287,83.313,83.359,83.255,-0.03%,1999.0999755859375,1999.4000244140625,1991,1991.4000244140625,6075
11-23-2023,12.0003,52.25,52.35,52.55,52.05,60.75K,-0.38%,83.305,83.276,83.368,83.265,0.02%,,,,,
11-24-2023,12.0118,52.3,52.25,52.4,52.15,46.06K,0.10%,83.34,83.35,83.413,83.332,0.04%,1991.9000244140625,2002.199951171875,1991.5,2002.199951171875,63
11-28-2023,12.0689,52.55,52.8,52.8,52.45,80.93K,0.48%,83.34,83.358,83.399,83.292,0.01%,2040.5999755859375,2042.699951171875,2039.699951171875,2039.699951171875,174665
11-29-2023,12.2521,53.35,53,53.4,52.95,110.92K,1.52%,83.352,83.292,83.383,83.26,0.01%,2041.699951171875,2052.10009765625,2036,2047.0999755859375,15290
11-30-2023,12.275,53.45,53.45,53.55,53.2,162.66K,0.19%,83.357,83.359,83.419,83.29,0.01%,2046.0999755859375,2047.0999755859375,2033.0999755859375,2038.0999755859375,2506
12-01-2023,12.2749,53.45,53.65,53.65,53.2,71.07K,0.00%,83.26,83.356,83.375,83.24,-0.12%,2038.300048828125,2073.199951171875,2036,2071,614
12-04-2023,12.4127,54.05,53.7,55.45,53.65,131.88K,1.12%,83.426,83.217,83.461,83.215,0.20%,2075.300048828125,2130.199951171875,2021,2024.0999755859375,1071
12-05-2023,12.2288,53.25,53.7,53.75,53.05,80.37K,-1.48%,83.32,83.431,83.439,83.317,-0.13%,2035.0999755859375,2037,2010.199951171875,2018.5,289
12-06-2023,12.1713,53,54.85,54.85,52.9,119.32K,-0.47%,83.332,83.325,83.381,83.286,0.01%,2019.9000244140625,2035.800048828125,2019,2030.5,417
12-07-2023,12.1942,53.1,52.6,53.4,52.6,208.91K,0.19%,83.343,83.337,83.398,83.311,0.01%,2029.199951171875,2034.9000244140625,2024,2029.9000244140625,67
12-08-2023,12.2286,53.25,53.3,53.3,53.1,55.46K,0.28%,83.425,83.354,83.465,83.335,0.10%,2031.699951171875,2033.0999755859375,1995,1998.300048828125,449
12-11-2023,12.022,52.35,52.95,52.95,52.25,109.98K,-1.69%,83.35,83.409,83.451,83.349,-0.09%,2004.0999755859375,2004.199951171875,1977.199951171875,1978,651
12-12-2023,11.9876,52.2,52.25,52.3,52,105.81K,-0.29%,83.396,83.368,83.434,83.324,0.06%,1984.199951171875,1994.199951171875,1977.800048828125,1977.800048828125,95
12-13-2023,11.9532,52.05,52.4,52.4,52,46.55K,-0.29%,83.35,83.399,83.438,83.346,-0.06%,1978.5,2024.800048828125,1975,1982.300048828125,2252
12-14-2023,12.1822,53.05,53.2,53.2,52.55,87.52K,1.92%,83.307,83.287,83.372,83.266,-0.05%,2024.699951171875,2040.0999755859375,2024.300048828125,2030.199951171875,236
12-15-2023,12.1707,53,53.1,53.25,52.95,52.95K,-0.09%,83.02,83.308,83.332,82.927,-0.34%,2032.5999755859375,2043.4000244140625,2018.300048828125,2021.0999755859375,261
12-18-2023,12.1249,52.8,52.7,52.85,52.55,125.01K,-0.38%,83.144,83.018,83.173,82.91,0.15%,2024.300048828125,2032.800048828125,2024,2026.300048828125,100
12-19-2023,12.1249,52.8,52.95,53,52.65,56.14K,0.00%,83.106,83.153,83.228,83.07,-0.05%,2025.199951171875,2042.699951171875,2025.199951171875,2038.4000244140625,498
12-20-2023,12.1822,53.05,53.2,53.25,53,119.94K,0.47%,83.139,83.111,83.237,83.087,0.04%,2037.0999755859375,2037.0999755859375,2030.300048828125,2034.5,258
12-21-2023,12.1822,53.05,53.1,53.2,53,53.19K,0.00%,83.214,83.166,83.291,83.156,0.09%,2035.800048828125,2044.5,2033,2039.0999755859375,228
12-22-2023,12.2511,53.35,54.65,54.65,53.15,120.19K,0.57%,83.166,83.221,83.275,83.102,-0.06%,2055.699951171875,2068.699951171875,2052.199951171875,2057.10009765625,202
12-26-2023,12.3084,53.6,53.9,53.9,53.5,122.53K,0.47%,83.158,83.169,83.218,83.105,-0.01%,2060,2060.800048828125,2054.199951171875,2058.199951171875,64
12-27-2023,12.3428,53.75,53.6,53.9,53.45,69.99K,0.28%,83.263,83.163,83.368,83.163,0.13%,2067.300048828125,2081.89990234375,2064.800048828125,2081.89990234375,586
12-28-2023,12.4001,54,54,54.5,53.95,156.65K,0.47%,83.169,83.268,83.318,83.125,-0.11%,2081.60009765625,2087.300048828125,2066.5,2073.89990234375,338
12-29-2023,12.3657,53.85,53.95,54.15,53.55,67.96K,-0.28%,83.19,83.174,83.242,83.099,0.03%,2068,2068.89990234375,2062.10009765625,2062.39990234375,47
01-01-2024,12.3999,54,53.95,54.05,53.5,82.01K,0.28%,83.238,83.24,83.243,83.15,0.06%,,,,,
01-02-2024,12.4228,54.1,54.1,54.2,54,81.85K,0.19%,83.27,83.179,83.359,83.179,0.04%,2063.5,2073.699951171875,2057.10009765625,2064.39990234375,61
01-03-2024,12.3427,53.75,54,54.1,53.65,68.82K,-0.65%,83.282,83.279,83.348,83.244,0.01%,2034.199951171875,2044,2034.199951171875,2034.199951171875,54
01-04-2024,12.3084,53.6,53.75,53.75,53.25,89.93K,-0.28%,83.243,83.294,83.335,83.195,-0.05%,2041.5999755859375,2044.5,2038,2042.300048828125,88
01-05-2024,12.2626,53.4,53.75,53.8,53.25,122.11K,-0.37%,83.103,83.235,83.286,83.067,-0.17%,2044.5,2048.10009765625,2042.4000244140625,2042.4000244140625,12
01-08-2024,12.1937,53.1,53.4,53.65,53,572.86K,-0.56%,83.045,83.124,83.178,83.026,-0.07%,2019.0999755859375,2033.699951171875,2019.0999755859375,2026.5999755859375,10
01-09-2024,12.228,53.25,53.25,53.3,53.05,30.81K,0.28%,83.109,83.053,83.149,83.029,0.08%,2035.800048828125,2035.800048828125,2026.4000244140625,2026.4000244140625,27
01-10-2024,12.228,53.25,53.3,53.3,53,87.16K,0.00%,83.023,83.113,83.185,82.959,-0.10%,2029,2035.5999755859375,2021.699951171875,2021.699951171875,538
01-11-2024,12.1706,53,53.6,53.6,52.9,26.34K,-0.47%,83.063,83.004,83.121,82.93,0.05%,2025.0999755859375,2025.0999755859375,2014.300048828125,2014.300048828125,97
01-12-2024,12.2393,53.3,53.6,53.6,52.95,84.44K,0.57%,82.857,83.068,83.104,82.779,-0.25%,2031.0999755859375,2057,2031.0999755859375,2046.699951171875,390
01-15-2024,12.2851,53.5,53.7,53.7,53.35,78.30K,0.38%,82.827,82.835,82.929,82.775,-0.04%,,,,,
01-16-2024,12.2277,53.25,53.5,53.55,53.2,47.44K,-0.47%,83.084,82.832,83.15,82.829,0.31%,2051.699951171875,2054.800048828125,2026,2026,46
01-17-2024,12.1473,52.9,53.15,53.2,52.8,57.79K,-0.66%,83.182,83.085,83.217,83.035,0.12%,2026.5,2026.5,2002.5999755859375,2002.5999755859375,764
01-18-2024,12.1358,52.85,52.7,52.9,52.45,49.28K,-0.09%,83.165,83.197,83.205,83.098,-0.02%,2012.800048828125,2018.5999755859375,2009.5,2018.5999755859375,1474
01-19-2024,12.1702,53,52.85,53.15,52.8,133.26K,0.28%,83.086,83.187,83.192,83.036,-0.09%,2023.199951171875,2036,2019.5,2026.5,50
01-23-2024,12.2275,53.25,53.1,53.3,52.9,71.79K,0.47%,83.15,83.096,83.188,83.061,0.06%,2030.300048828125,2030.300048828125,2022.5,2023.699951171875,15
01-24-2024,12.1816,53.05,53.25,53.25,52.95,62.90K,-0.38%,83.13,83.164,83.184,83.067,-0.02%,2023.199951171875,2033.199951171875,2013.9000244140625,2013.9000244140625,253
01-25-2024,12.1587,52.95,52.95,53.15,52.85,40.34K,-0.19%,83.144,83.141,83.177,83.077,0.02%,2012.0999755859375,2022.4000244140625,2012.0999755859375,2016.9000244140625,548
01-29-2024,12.2271,53.25,52.7,53.35,52.7,129.71K,0.57%,83.134,83.149,83.173,83.118,0.02%,2025.199951171875,2025.199951171875,2025.199951171875,2025.199951171875,150708
01-30-2024,12.2386,53.3,53.4,53.4,53.1,135.05K,0.09%,83.12,83.136,83.177,83.087,-0.02%,2032.5,2048.5,2028.0999755859375,2031.5,26907
01-31-2024,12.2385,53.3,53.5,53.6,53.2,33.47K,0.00%,83.095,83.1,83.132,82.998,-0.03%,2035.4000244140625,2055,2030,2048.39990234375,2007
02-01-2024,12.2955,53.55,53.65,53.65,53.25,104.11K,0.47%,82.947,83.083,83.091,82.915,-0.18%,2040.199951171875,2064.5,2029,2053,947
02-02-2024,12.3069,53.6,53.9,53.95,53.55,145.42K,0.09%,82.999,82.952,83.027,82.826,0.06%,2054.800048828125,2055.89990234375,2027.699951171875,2036.0999755859375,888
02-05-2024,12.1921,53.1,53.55,53.9,53.05,83.17K,-0.93%,83.036,83.011,83.095,82.956,0.04%,2038.9000244140625,2040.800048828125,2013.800048828125,2025.699951171875,412
02-06-2024,12.2035,53.15,53.4,53.4,53.05,49.25K,0.09%,83.062,83.044,83.079,83.015,0.03%,2025.9000244140625,2037.300048828125,2025.9000244140625,2034.5,249
02-07-2024,12.2264,53.25,53.55,53.55,53.2,87.10K,0.19%,82.977,83.07,83.091,82.934,-0.10%,2032.800048828125,2039.5,2032.699951171875,2035.199951171875,71
02-08-2024,12.2264,53.25,53.3,53.4,53.15,77.37K,0.00%,82.978,82.981,83.021,82.893,0.00%,2028,2036.699951171875,2020.300048828125,2032.199951171875,341
02-09-2024,12.2149,53.2,53.25,53.45,53.15,52.80K,-0.09%,83,82.984,83.059,82.945,0.03%,2032,2032,2020,2023.300048828125,62
02-12-2024,12.1804,53.05,53.25,53.25,52.7,118.63K,-0.28%,82.97,83.025,83.057,82.951,-0.04%,2025.5,2025.5,2011.5999755859375,2018.199951171875,317
02-13-2024,12.1689,53,53.05,53.1,52.9,27.47K,-0.09%,83.098,83.008,83.121,82.963,0.15%,2025.0999755859375,2025.800048828125,1990,1992.9000244140625,198
02-14-2024,12.0312,52.4,52.55,52.65,52.25,93.18K,-1.13%,83.034,83.104,83.12,83.015,-0.08%,1990.300048828125,1993.5,1984.800048828125,1990.300048828125,1916
02-15-2024,12.0082,52.3,52.4,52.6,52.2,69.98K,-0.19%,82.988,83.035,83.075,82.982,-0.06%,1993.5999755859375,2007.199951171875,1993.5999755859375,2002.0999755859375,286
02-16-2024,12.077,52.6,52.3,52.65,52.3,130.41K,0.57%,83.013,82.991,83.049,82.983,0.03%,2005,2011.5,1996.5,2011.5,32
02-19-2024,12.1341,52.85,52.75,53,52.75,49.00K,0.48%,83.026,82.987,83.061,82.949,0.02%,,,,,
02-20-2024,12.0997,52.7,52.95,52.95,52.65,138.49K,-0.28%,82.89,83.031,83.043,82.862,-0.16%,2015.5999755859375,2029,2015.5999755859375,2027.5,1326
02-21-2024,12.1227,52.8,52.7,53,52.7,70.99K,0.19%,82.93,82.895,82.983,82.835,0.05%,2028.199951171875,2028.199951171875,2022.300048828125,2022.300048828125,15
02-22-2024,12.1456,52.9,52.9,53,52.8,49.25K,0.19%,82.837,82.933,82.965,82.812,-0.11%,2033.199951171875,2033.199951171875,2019.699951171875,2019.699951171875,964
02-23-2024,12.0882,52.65,53,53,52.55,150.95K,-0.47%,82.859,82.845,82.965,82.845,0.03%,2026,2038.5999755859375,2014.9000244140625,2038.5999755859375,22
02-26-2024,12.134,52.85,52.7,53,52.5,63.82K,0.38%,82.846,82.873,82.914,82.851,-0.02%,2034.0999755859375,2035.4000244140625,2024.800048828125,2028.5,143
02-27-2024,12.1684,53,53.05,53.05,52.8,51.54K,0.28%,82.877,82.901,82.921,82.841,0.04%,2035.9000244140625,2035.9000244140625,2034,2034,964
02-28-2024,12.111,52.75,53,53,52.7,38.17K,-0.47%,82.9,82.924,82.967,82.863,0.03%,2029.5,2037,2024.800048828125,2033,581
02-29-2024,12.1684,53,52.8,53.3,52.8,61.19K,0.47%,82.9,82.91,82.957,82.864,0.00%,2034.300048828125,2049.800048828125,2034.300048828125,2045.699951171875,706
03-01-2024,12.1913,53.1,53.15,53.35,53,88.51K,0.19%,82.841,82.926,82.933,82.836,-0.07%,2043.0999755859375,2086.89990234375,2041.800048828125,2086.89990234375,1210
03-04-2024,12.4322,54.15,53.75,54.3,53.7,73.31K,0.56%,82.911,82.845,82.935,82.83,0.08%,2083.60009765625,2119.800048828125,2080.699951171875,2117.699951171875,805
03-05-2024,12.5811,54.8,54.4,55,54.4,233.23K,1.20%,82.891,82.913,82.938,82.863,-0.02%,2114.89990234375,2133.5,2111.39990234375,2133.5,1287
03-06-2024,12.6383,55.05,55.05,55.1,54.65,203.67K,0.46%,82.78,82.896,82.919,82.801,-0.13%,2125.5,2150.300048828125,2125.5,2150.300048828125,443
03-07-2024,12.7642,55.6,55.25,55.75,55.2,191.25K,1.00%,82.708,82.82,82.85,82.669,-0.09%,2147,2163,2147,2158,152
03-11-2024,12.9355,56.35,55.75,56.4,55.7,217.31K,1.35%,82.72,82.754,82.782,82.645,-0.02%,2181,2184,2177.199951171875,2182.5,738
03-12-2024,12.8788,56.1,56.5,56.65,56,1.73M,-0.44%,82.786,82.739,82.839,82.72,0.08%,2182.5,2182.699951171875,2160.39990234375,2160.39990234375,550
03-13-2024,12.7756,55.65,55.95,56,55.55,113.67K,-0.80%,82.82,82.83,82.923,82.774,0.04%,2162.5,2175.39990234375,2162.5,2175.39990234375,20
03-14-2024,12.8445,55.95,55.55,56.25,55.55,123.38K,0.54%,82.915,82.827,82.952,82.803,0.11%,2163,2163,2162.300048828125,2163,515
03-15-2024,12.8101,55.8,56,56.1,55.75,100.83K,-0.27%,82.883,82.99,82.995,82.817,-0.04%,2161.699951171875,2161.699951171875,2157.300048828125,2157.300048828125,100
03-18-2024,12.81,55.8,55.65,55.8,55.15,168.21K,0.00%,82.9,82.891,82.935,82.825,0.02%,2146.199951171875,2160.699951171875,2146.199951171875,2160.699951171875,21
03-19-2024,12.8329,55.9,55.8,56,55.65,76.04K,0.18%,83.007,82.935,83.063,82.899,0.13%,2156.10009765625,2156.300048828125,2156.10009765625,2156.300048828125,12
03-20-2024,12.8444,55.95,56,56,55.8,65.17K,0.09%,83.173,83.053,83.233,82.99,0.20%,2157.300048828125,2185.89990234375,2150.89990234375,2157.89990234375,17
03-21-2024,13.0391,56.8,57.65,57.65,56.45,433.50K,1.52%,83.174,83.117,83.235,83.034,0.00%,2207,2211.60009765625,2182.39990234375,2182.39990234375,63
03-22-2024,12.89,56.15,55.8,56.65,55.8,71.20K,-1.14%,83.582,83.232,83.733,83.206,0.49%,2179.199951171875,2179.60009765625,2157.5,2158.10009765625,19
03-26-2024,12.9587,56.45,56.15,56.5,56,56.93K,0.53%,83.309,83.415,83.441,83.254,-0.12%,2182.699951171875,2182.699951171875,2175.60009765625,2175.60009765625,202373
03-27-2024,12.9702,56.5,56.35,56.75,56.1,276.86K,0.09%,83.294,83.365,83.48,83.291,-0.02%,2179.39990234375,2196.199951171875,2172.10009765625,2190.60009765625,31200
03-28-2024,13.039,56.8,56.7,56.95,56.5,98.84K,0.53%,83.352,83.373,83.424,83.31,0.07%,2193.60009765625,2234.10009765625,2187.10009765625,2217.39990234375,2040
04-01-2024,13.4174,58.45,57.1,58.7,57.1,174.35K,2.90%,83.36,83.343,83.408,83.31,0.01%,2235.699951171875,2264.199951171875,2230,2236.5,400
04-02-2024,13.4517,58.6,59,59.1,58.35,98.70K,0.26%,83.322,83.374,83.448,83.33,-0.05%,2252,2279.199951171875,2247.60009765625,2261,435
04-03-2024,13.5204,58.9,60,60,58.75,4.82M,0.51%,83.504,83.375,83.585,83.33,0.22%,2281.699951171875,2298.800048828125,2267.89990234375,2294.39990234375,285
04-04-2024,13.6008,59.25,59.85,59.9,59.1,4.08M,0.59%,83.34,83.478,83.513,83.35,-0.20%,2301.699951171875,2302.89990234375,2280,2288.800048828125,251
04-05-2024,13.5893,59.2,59.3,59.7,58.95,4.12M,-0.08%,83.293,83.417,83.471,83.241,-0.06%,2289.199951171875,2328.39990234375,2267.39990234375,2325.699951171875,344
04-08-2024,13.8639,60.4,59.8,61,59.8,674.52K,2.03%,83.27,83.344,83.352,83.225,-0.03%,2325.60009765625,2341.800048828125,2319,2331.699951171875,202
04-09-2024,13.9671,60.85,60.6,61.05,60.4,2.07M,0.75%,83.182,83.271,83.291,83.166,-0.11%,2337.800048828125,2364.699951171875,2337.800048828125,2343.5,211
04-10-2024,13.99,60.95,60.95,61.2,60.7,85.97K,0.16%,83.389,83.227,83.426,83.147,0.25%,2346.60009765625,2358.10009765625,2327.699951171875,2329.60009765625,377
04-12-2024,14.2815,62.2,61.25,62.3,61.25,188.75K,2.05%,83.54,83.368,83.622,83.316,0.26%,2377.300048828125,2429,2334.300048828125,2356.199951171875,584
04-15-2024,14.19,61.8,62.1,63.3,61.55,356.22K,-0.64%,83.484,83.481,83.544,83.413,-0.07%,2362.10009765625,2384.699951171875,2326,2365.800048828125,1801
04-16-2024,14.2471,62.05,62.75,62.8,62,562.53K,0.40%,83.637,83.534,83.7,83.469,0.18%,2384,2390.800048828125,2371.39990234375,2390.800048828125,41
04-18-2024,14.3043,62.3,62.4,62.4,62,2.82M,0.40%,83.53,83.59,83.605,83.487,-0.14%,2368.39990234375,2384.39990234375,2368.39990234375,2382.300048828125,128
04-19-2024,14.3387,62.45,62.8,62.85,62.35,2.54M,0.24%,83.358,83.548,83.721,83.362,-0.21%,2379.300048828125,2399.800048828125,2377.300048828125,2398.39990234375,160
04-22-2024,14.2587,62.1,62.45,62.65,61.65,182.84K,-0.56%,83.36,83.423,83.457,83.306,0.00%,2383.300048828125,2383.300048828125,2326.89990234375,2332.199951171875,53
04-23-2024,13.9842,60.9,61.5,61.5,60.1,179.32K,-1.93%,83.269,83.384,83.407,83.26,-0.11%,2327.699951171875,2330.800048828125,2294.199951171875,2327.699951171875,171
04-24-2024,13.9842,60.9,61.15,61.65,60.85,217.87K,0.00%,83.319,83.28,83.362,83.257,0.06%,2321.300048828125,2328.699951171875,2314.60009765625,2324.5,95
04-25-2024,14.0758,61.3,61.15,61.5,60.85,36.00K,0.66%,83.31,83.338,83.402,83.255,-0.01%,2315,2329.800048828125,2305,2329.800048828125,1024
04-26-2024,14.2129,61.9,60.9,61.9,60.9,97.33K,0.98%,83.4,83.268,83.422,83.267,0.11%,2347.89990234375,2347.89990234375,2332.800048828125,2334.800048828125,717
04-29-2024,14.1669,61.7,62.3,63.3,61.2,96.91K,-0.32%,83.41,83.385,83.513,83.352,0.01%,2334.800048828125,2345.5,2327.89990234375,2345.39990234375,405
04-30-2024,14.1096,61.45,61.85,61.9,61.1,92.15K,-0.41%,83.45,83.459,83.537,83.397,0.05%,2322.5,2322.5,2291.39990234375,2291.39990234375,113
05-02-2024,14.0179,61.05,61.1,61.95,60.9,110.46K,-0.65%,83.435,83.43,83.503,83.401,-0.02%,2321.699951171875,2324.699951171875,2292.300048828125,2299.199951171875,56
05-03-2024,13.949,60.75,61.35,61.35,60.55,84.94K,-0.49%,83.376,83.42,83.482,83.308,-0.07%,2300,2301,2277.60009765625,2299,194
05-06-2024,13.9948,60.95,60.55,61.35,60.35,110.66K,0.33%,83.48,83.391,83.545,83.39,0.12%,2322.800048828125,2325.5,2314.199951171875,2321.60009765625,9
05-07-2024,14.0062,61,60.9,61.35,60.75,49.69K,0.08%,83.458,83.473,83.529,83.432,-0.03%,2324.300048828125,2324.300048828125,2315.199951171875,2315.199951171875,25
05-08-2024,13.9833,60.9,61.2,61.25,60.55,49.97K,-0.16%,83.462,83.466,83.535,83.449,0.00%,2313.60009765625,2313.60009765625,2313.60009765625,2313.60009765625,4
05-09-2024,13.9947,60.95,61.15,61.2,60.65,55.15K,0.08%,83.441,83.476,83.527,83.432,-0.03%,2310.699951171875,2339.5,2310.699951171875,2332.10009765625,5
05-10-2024,14.2926,62.25,61.95,62.4,61.5,165.45K,2.13%,83.541,83.453,83.56,83.446,0.12%,2367.300048828125,2367.300048828125,2367.300048828125,2367.300048828125,126
05-13-2024,14.0859,61.35,62.25,62.5,61.3,107.73K,-1.45%,83.46,83.526,83.566,83.465,-0.10%,2358.300048828125,2358.300048828125,2336.10009765625,2336.10009765625,14
05-14-2024,14.1088,61.45,61.75,61.75,61.35,65.40K,0.16%,83.482,83.529,83.55,83.472,0.03%,2336,2358,2336,2353.39990234375,6
05-15-2024,14.2923,62.25,62,62.3,61.5,1.10M,1.30%,83.411,83.503,83.529,83.409,-0.08%,2361.60009765625,2388.699951171875,2356,2388.699951171875,29
05-16-2024,14.3838,62.65,62.5,63.1,62.35,133.47K,0.64%,83.45,83.42,83.524,83.404,0.05%,2389.5,2392.199951171875,2380,2380,7
05-17-2024,14.3264,62.4,64.55,64.55,62.35,1.06M,-0.40%,83.28,83.511,83.52,83.273,-0.20%,2380.699951171875,2415.800048828125,2380.699951171875,2412.199951171875,213
05-21-2024,14.4869,63.1,63.25,63.45,62.8,158.52K,1.12%,83.25,83.297,83.373,83.226,-0.04%,2429.5,2429.5,2421,2421.699951171875,6
05-22-2024,14.4755,63.05,63.45,63.45,62.8,53.45K,-0.08%,83.22,83.324,83.328,83.21,-0.04%,2417.5,2417.60009765625,2375.800048828125,2389.199951171875,180
05-23-2024,14.3954,62.7,62.55,63.95,61.65,275.58K,-0.56%,83.24,83.286,83.322,83.19,0.02%,2371.199951171875,2371.199951171875,2335,2335,365
05-24-2024,14.1093,61.45,62.45,62.45,61.25,1.30M,-1.99%,83.06,83.285,83.3,83.018,-0.22%,2342.60009765625,2345.39990234375,2332.5,2332.5,25
05-27-2024,14.1319,61.55,63.3,63.3,61.1,197.88K,0.16%,83.102,83.07,83.147,83.034,0.05%,,,,,
05-28-2024,14.1319,61.55,62.05,62.05,61.35,1.06M,0.00%,83.16,83.137,83.209,83.103,0.07%,2336.89990234375,2359.699951171875,2336.89990234375,2355.199951171875,26
05-29-2024,14.1434,61.6,62.15,62.15,61.45,81.08K,0.08%,83.34,83.197,83.411,83.172,0.22%,2340.300048828125,2340.300048828125,2340.300048828125,2340.300048828125,119317
05-30-2024,14.0744,61.3,61.65,61.65,61.1,1.03M,-0.49%,83.28,83.363,83.442,83.246,-0.07%,2336.89990234375,2349.5,2320.800048828125,2342.89990234375,32587
05-31-2024,14.1431,61.6,61.5,61.7,61.2,61.78K,0.49%,83.424,83.321,83.501,83.235,0.17%,2344.10009765625,2354,2319,2322.89990234375,941
06-03-2024,14.0284,61.1,61.4,61.75,60.8,111.14K,-0.81%,83.083,83.124,83.188,82.952,-0.41%,2322.60009765625,2347.5,2312,2346.60009765625,781
06-04-2024,14.0857,61.35,61.85,61.85,61.1,115.99K,0.41%,83.524,83.12,83.676,83.085,0.53%,2347.5,2347.699951171875,2313.89990234375,2325.5,890
06-05-2024,14.0284,61.1,60.6,61.55,60.6,76.64K,-0.41%,83.37,83.539,83.585,83.277,-0.18%,2326.39990234375,2354.300048828125,2326.199951171875,2354.10009765625,295
06-06-2024,14.2229,61.95,62,62.3,61.5,97.53K,1.39%,83.466,83.39,83.527,83.357,0.11%,2355,2375.800048828125,2355,2370.300048828125,179
06-07-2024,14.1312,61.55,61.6,62.5,61.4,1.14M,-0.65%,83.521,83.472,83.529,83.365,0.07%,2379.89990234375,2385.10009765625,2285.39990234375,2305.199951171875,269
06-10-2024,13.9244,60.65,61.2,61.25,60.1,227.23K,-1.46%,83.5,83.53,83.551,83.468,-0.03%,2290.60009765625,2309.300048828125,2290.5,2307.699951171875,69
06-11-2024,13.9587,60.8,60.65,61.15,60.5,50.73K,0.25%,83.6,83.521,83.639,83.48,0.12%,2300,2314.10009765625,2300,2307.5,871
06-12-2024,14.0272,61.1,61.15,61.2,60.85,101.23K,0.49%,83.43,83.618,83.622,83.433,-0.20%,2314.89990234375,2338.699951171875,2310.300048828125,2336,132
06-13-2024,14.0272,61.1,61.3,61.3,60.8,92.98K,0.00%,83.54,83.507,83.575,83.487,0.13%,2309.39990234375,2317.699951171875,2296.199951171875,2300.199951171875,298
06-14-2024,14.0157,61.05,61.25,61.3,60.55,93.22K,-0.08%,83.547,83.546,83.593,83.514,0.01%,2307,2331.39990234375,2305.800048828125,2331.39990234375,948
06-18-2024,13.9812,60.9,61.05,62.05,60.75,188.40K,-0.25%,83.33,83.498,83.56,83.322,-0.20%,2311.800048828125,2330.39990234375,2311.800048828125,2330.39990234375,43
06-19-2024,14.027,61.1,61.05,61.7,60.9,97.20K,0.33%,83.46,83.394,83.491,83.34,0.16%,,,,,
06-20-2024,14.1185,61.5,61.7,61.75,60.95,49.40K,0.65%,83.62,83.422,83.684,83.417,0.19%,2328.89990234375,2354,2328.300048828125,2353.800048828125,183
06-21-2024,14.1872,61.8,62.1,62.1,61.65,104.40K,0.49%,83.558,83.654,83.654,83.484,-0.07%,2331.199951171875,2331.199951171875,2316.39990234375,2316.39990234375,76
06-24-2024,14.0383,61.15,61.6,61.6,61,118.78K,-1.05%,83.45,83.563,83.59,83.41,-0.13%,2323.300048828125,2332.89990234375,2322.699951171875,2330,99
06-25-2024,14.0039,61,61.25,61.3,60.9,56.54K,-0.25%,83.403,83.439,83.51,83.394,-0.06%,2324.39990234375,2333,2316.60009765625,2316.60009765625,105
06-26-2024,13.9925,60.95,60.95,61.2,60.75,39.41K,-0.08%,83.56,83.452,83.632,83.413,0.19%,2307.89990234375,2314.39990234375,2298,2299.199951171875,986
06-27-2024,13.9237,60.65,60.9,60.9,60.5,54.62K,-0.49%,83.438,83.579,83.596,83.408,-0.15%,2296.800048828125,2329,2295,2324.5,1532
06-28-2024,14.0037,61,61.2,61.45,60.7,84.66K,0.58%,83.355,83.458,83.492,83.329,-0.10%,2325.39990234375,2338.300048828125,2319,2327.699951171875,92
07-01-2024,14.0607,61.25,61.25,61.3,60.75,102.63K,0.41%,83.438,83.38,83.479,83.349,0.10%,2323.800048828125,2329.699951171875,2321.699951171875,2327.60009765625,237
07-02-2024,14.0378,61.15,61.3,61.3,60.8,71.76K,-0.16%,83.5,83.44,83.567,83.422,0.07%,2330.699951171875,2334.60009765625,2323,2323,30
07-03-2024,14.1521,61.65,61.15,61.65,61.05,105.52K,0.82%,83.52,83.497,83.564,83.435,0.02%,2330.89990234375,2361.60009765625,2330.89990234375,2359.800048828125,59
07-04-2024,14.1976,61.85,61.75,62,61.55,145.97K,0.32%,83.475,83.495,83.561,83.463,-0.05%,,,,,
07-05-2024,14.2204,61.95,61.9,62.05,61.6,71.32K,0.16%,83.5,83.503,83.532,83.458,0.03%,2354.89990234375,2388.5,2354.89990234375,2388.5,72
07-08-2024,14.266,62.15,62.2,62.6,61.9,136.17K,0.32%,83.5,83.495,83.522,83.434,0.00%,2381.699951171875,2383.800048828125,2352.800048828125,2355.199951171875,64
07-09-2024,14.2316,62,62.15,62.2,61.65,67.53K,-0.24%,83.465,83.479,83.522,83.452,-0.04%,2363.10009765625,2363.699951171875,2360.10009765625,2360.10009765625,9
07-10-2024,14.2544,62.1,62.25,62.25,61.75,100.66K,0.16%,83.51,83.492,83.545,83.465,0.05%,2366.300048828125,2377,2365.800048828125,2372.199951171875,19
07-11-2024,14.2772,62.2,62.25,62.4,61.95,168.86K,0.16%,83.507,83.518,83.607,83.472,0.00%,2378.699951171875,2416.699951171875,2378.699951171875,2415,72
07-12-2024,14.3228,62.4,62.8,63.25,62.2,173.70K,0.32%,83.513,83.507,83.564,83.476,0.01%,2399.800048828125,2414,2391.300048828125,2414,355
07-15-2024,14.3569,62.55,62.65,62.95,62.3,183.72K,0.24%,83.551,83.507,83.628,83.493,0.05%,2430,2436,2422.89990234375,2422.89990234375,540
07-16-2024,14.4479,62.95,62.6,63,62.6,170.81K,0.64%,83.524,83.59,83.626,83.53,-0.03%,2427.39990234375,2462.39990234375,2427.39990234375,2462.39990234375,93
07-18-2024,14.5506,63.4,63.5,63.65,63.15,148.88K,0.71%,83.58,83.576,83.682,83.555,0.00%,2466,2466,2451.800048828125,2451.800048828125,2
07-19-2024,14.4588,63,63.25,63.25,62.85,69.66K,-0.63%,83.724,83.668,83.741,83.596,0.17%,2418.800048828125,2419.199951171875,2395.5,2395.5,15
07-22-2024,14.4358,62.9,63,63.4,62.75,161.41K,-0.16%,83.651,83.741,83.741,83.637,-0.09%,2402.10009765625,2402.10009765625,2392,2392,18
07-23-2024,13.9382,60.7,63,63,59.75,359.72K,-3.50%,83.676,83.664,83.731,83.606,0.03%,2395.800048828125,2404.60009765625,2388.699951171875,2404.60009765625,41
07-24-2024,13.7918,60.05,60.7,61.95,59.55,302.66K,-1.07%,83.71,83.69,83.739,83.675,0.04%,2421,2421,2411.60009765625,2413.300048828125,6
07-25-2024,14.084,61.35,59.85,61.7,58.9,91.22K,2.16%,83.72,83.769,83.81,83.648,0.01%,2365.5,2365.5,2351.89990234375,2351.89990234375,31
07-26-2024,13.9271,60.65,61.05,61.95,60.15,199.79K,-1.14%,83.703,83.76,83.77,83.701,-0.02%,2368.699951171875,2386.89990234375,2368.699951171875,2380,95
07-29-2024,13.7148,59.7,60.8,63.9,59.2,342.58K,-1.57%,83.748,83.725,83.774,83.7,0.05%,2377.300048828125,2377.300048828125,2377.300048828125,2377.300048828125,126409
07-30-2024,13.6147,59.25,60.65,60.7,58.65,275.04K,-0.75%,83.72,83.746,83.764,83.702,-0.03%,2380.89990234375,2409.300048828125,2373.800048828125,2405,25944
07-31-2024,13.5925,59.15,59.9,60.45,59,303.16K,-0.17%,83.699,83.761,83.77,83.654,-0.02%,2407.10009765625,2447.60009765625,2402.800048828125,2426.5,1313
08-01-2024,13.6363,59.35,59.95,60,59.3,423.02K,0.34%,83.71,83.709,83.762,83.651,0.01%,2446.699951171875,2455.10009765625,2430.39990234375,2435,690
08-02-2024,13.8041,60.1,60.6,60.6,59.5,228.43K,1.26%,83.794,83.753,83.822,83.715,0.10%,2444,2477,2416,2425.699951171875,550
08-05-2024,13.6584,59.45,60.3,60.5,59.2,510.74K,-1.08%,84.018,83.793,84.182,83.757,0.27%,2442,2449.800048828125,2367.39990234375,2401.699951171875,334
08-06-2024,13.7373,59.8,59.65,60,58.55,229.46K,0.59%,83.93,83.996,84,83.833,-0.10%,2414.5,2421.800048828125,2380,2389.10009765625,163
08-07-2024,13.5797,59.1,59.8,59.8,58.65,787.96K,-1.17%,83.885,83.955,83.994,83.878,-0.05%,2392.199951171875,2401,2384.5,2390.5,130
08-08-2024,13.4771,58.65,59.3,59.35,58.6,293.26K,-0.76%,83.99,83.942,84.011,83.924,0.13%,2384.300048828125,2422.800048828125,2384.300048828125,2422.199951171875,201
08-09-2024,13.5452,58.95,60,60.2,58.9,82.60K,0.51%,83.945,84.015,84.016,83.873,-0.05%,2422.300048828125,2432.10009765625,2418.5,2432.10009765625,611
08-12-2024,13.681,59.55,59.4,59.7,58.7,344.69K,1.02%,83.93,83.915,83.985,83.899,-0.02%,2432.699951171875,2469.800048828125,2432,2462.39990234375,566
08-13-2024,13.7379,59.8,60.2,60.2,59.65,130.51K,0.42%,83.91,83.949,83.983,83.911,-0.02%,2461,2470,2456.5,2466.699951171875,510
08-14-2024,13.7835,60,60.3,60.3,59.65,68.91K,0.33%,83.96,83.92,83.985,83.896,0.06%,2468,2472.10009765625,2439.39990234375,2439.39990234375,274
08-16-2024,13.7604,59.9,60,60,59.35,221.97K,-0.17%,83.88,83.945,83.979,83.887,-0.07%,2453.5,2508,2451.39990234375,2498.60009765625,197
08-19-2024,13.9773,60.85,60.1,61.1,60.1,239.86K,1.59%,83.85,83.865,83.952,83.826,-0.04%,2508.5,2508.5,2487.199951171875,2501.800048828125,88
08-20-2024,14.0344,61.1,60.55,61.25,60.35,170.19K,0.41%,83.75,83.81,83.88,83.738,-0.12%,2503.5,2527.300048828125,2500.699951171875,2511.300048828125,187
08-21-2024,14.0115,61,60.8,61.2,60.8,135.55K,-0.16%,83.87,83.805,83.951,83.749,0.14%,2511,2515.39990234375,2503.89990234375,2508.39990234375,96
08-22-2024,13.9886,60.9,61.15,61.15,60.75,68.27K,-0.16%,83.93,83.9,83.985,83.881,0.07%,2504.10009765625,2504.10009765625,2471.10009765625,2478.89990234375,210
08-23-2024,13.9428,60.7,60.75,61,60.35,148.34K,-0.33%,83.809,83.926,83.946,83.799,-0.14%,2486.5,2508.39990234375,2486.5,2508.39990234375,94
08-26-2024,14.057,61.2,60.85,61.3,60.8,216.66K,0.82%,83.84,83.806,83.923,83.787,0.04%,2509.89990234375,2523.10009765625,2509.10009765625,2517.699951171875,290
08-27-2024,14.0113,61,61.3,61.3,60.8,147.52K,-0.33%,83.91,83.87,83.965,83.87,0.08%,2515.199951171875,2523.10009765625,2506.89990234375,2516,100
08-28-2024,14.0112,61,61.25,61.25,60.8,62.40K,0.00%,83.9,83.963,83.988,83.91,-0.01%,2501,2501,2501,2501,2353
08-29-2024,14.034,61.1,61.3,61.3,60.9,59.79K,0.16%,83.88,83.944,83.956,83.839,-0.02%,2504.10009765625,2525.699951171875,2503.89990234375,2525.699951171875,3966
08-30-2024,14.0682,61.25,61.2,61.25,60.75,202.09K,0.25%,83.867,83.884,83.905,83.811,-0.02%,2519.5,2525.39990234375,2493.800048828125,2493.800048828125,208
09-02-2024,13.9993,60.95,61.1,61.1,60.3,273.11K,-0.49%,83.88,83.875,83.946,83.85,0.02%,,,,,
09-03-2024,13.9878,60.9,61,61.15,60.65,137.03K,-0.08%,83.95,83.919,83.991,83.897,0.08%,2501.60009765625,2501.800048828125,2476.300048828125,2489.89990234375,206
09-04-2024,13.8852,60.45,60.95,60.95,60.15,153.27K,-0.74%,83.96,83.994,84.02,83.939,0.01%,2490.89990234375,2493.39990234375,2483.5,2493.39990234375,470
09-05-2024,13.9883,60.9,60.8,61.05,60.55,117.12K,0.74%,83.961,83.979,84.004,83.956,0.00%,2493.699951171875,2513.300048828125,2493.39990234375,2511.39990234375,54
09-06-2024,13.9882,60.9,61.4,61.4,60.8,47.74K,0.00%,83.985,83.988,83.99,83.906,0.03%,2510.300048828125,2517.89990234375,2483.699951171875,2493.5,96
09-09-2024,13.9422,60.7,60.3,60.9,60.3,154.78K,-0.33%,83.928,83.945,83.985,83.921,-0.07%,2491.300048828125,2504.699951171875,2491.300048828125,2501.800048828125,96
09-10-2024,13.9536,60.75,60.75,60.95,60.6,77.59K,0.08%,83.949,84.005,84.009,83.947,0.03%,2512.300048828125,2512.300048828125,2512.300048828125,2512.300048828125,5
09-11-2024,14.0452,61.15,61.15,61.2,60.65,90.58K,0.66%,83.96,83.98,84.007,83.926,0.01%,2525.800048828125,2525.800048828125,2502.300048828125,2512.10009765625,90
09-12-2024,14.0451,61.15,61.1,61.2,60.75,149.50K,0.00%,83.92,84.015,84.015,83.919,-0.05%,2529.10009765625,2557,2523.39990234375,2551.199951171875,132
09-13-2024,14.284,62.2,61.75,62.4,61.6,260.77K,1.72%,83.88,83.927,83.955,83.843,-0.05%,2568.800048828125,2581.800048828125,2565,2581.300048828125,31
09-16-2024,14.3525,62.5,62.7,63,62.2,216.50K,0.48%,83.84,83.876,83.919,83.834,-0.05%,2580.39990234375,2580.39990234375,2580.39990234375,2580.39990234375,28
09-17-2024,14.3296,62.4,62.8,62.8,62.2,178.27K,-0.16%,83.747,83.907,83.914,83.695,-0.11%,2581.199951171875,2581.800048828125,2564.300048828125,2564.300048828125,22
09-18-2024,14.3066,62.3,62.65,62.65,62.1,99.66K,-0.16%,83.65,83.764,83.807,83.651,-0.12%,2570.699951171875,2570.699951171875,2549.199951171875,2570.699951171875,25
09-19-2024,14.3638,62.55,62.45,62.85,61.6,161.65K,0.40%,83.62,83.689,83.749,83.558,-0.04%,2566,2588,2566,2588,99
09-20-2024,14.4439,62.9,62.65,63.2,62.45,216.35K,0.56%,83.485,83.62,83.637,83.468,-0.16%,2590.39990234375,2621.800048828125,2590.39990234375,2619.89990234375,17
09-23-2024,14.5237,63.25,62.9,63.9,62.9,114.68K,0.56%,83.53,83.481,83.577,83.44,0.05%,2626.5,2626.5,2626.5,2626.5,9
09-24-2024,14.6036,63.6,63.7,63.75,63.3,325.66K,0.55%,83.6,83.572,83.688,83.518,0.08%,2636.800048828125,2662.300048828125,2625.5,2651.199951171875,35
09-25-2024,14.7288,64.15,64.55,64.75,63.85,270.04K,0.86%,83.6,83.605,83.652,83.506,0.00%,2656.300048828125,2664.199951171875,2649.300048828125,2659.199951171875,175
09-26-2024,14.7974,64.45,64.25,64.55,64,247.37K,0.47%,83.601,83.64,83.729,83.593,0.00%,2662.300048828125,2669.89990234375,2660.800048828125,2669.89990234375,17216
09-27-2024,14.7173,64.1,64.75,64.75,63.9,168.35K,-0.54%,83.71,83.622,83.725,83.598,0.13%,2670,2672.10009765625,2641.699951171875,2644.300048828125,4228
09-30-2024,14.7171,64.1,64.45,64.6,63.9,156.15K,0.00%,83.755,83.696,83.836,83.67,0.05%,2660.89990234375,2662.10009765625,2623.199951171875,2636.10009765625,973
10-01-2024,14.7399,64.2,64.2,64.4,63.7,166.58K,0.16%,83.9,83.851,83.951,83.786,0.17%,2631.39990234375,2670.89990234375,2631.39990234375,2667.300048828125,153
10-03-2024,14.7741,64.35,64.25,64.9,64.1,342.53K,0.23%,83.99,83.927,84.036,83.895,0.08%,2642.800048828125,2657.10009765625,2640,2657.10009765625,354
10-04-2024,14.8538,64.7,64.95,65.65,64.4,395.65K,0.54%,84.023,83.977,84.05,83.938,0.04%,2656,2667,2639,2645.800048828125,114
10-07-2024,14.7857,64.4,64.9,65.1,64.05,409.08K,-0.46%,83.98,84.007,84.018,83.945,-0.05%,2648.699951171875,2657.39990234375,2639,2644.800048828125,284
10-08-2024,14.6835,63.95,64.55,65,63.65,204.42K,-0.70%,83.945,83.969,83.996,83.915,-0.04%,2639,2639,2609.300048828125,2615,687
10-09-2024,14.5935,63.55,63.7,63.7,63,355.99K,-0.63%,83.95,83.938,83.98,83.893,0.01%,2603,2607.699951171875,2603,2606,152
10-10-2024,14.5933,63.55,63.8,63.8,63.25,312.31K,0.00%,83.94,83.939,83.992,83.93,-0.01%,2602.5,2628.300048828125,2602.5,2620.60009765625,320
10-11-2024,14.7188,64.1,64.3,64.3,63.8,110.89K,0.87%,84.101,83.965,84.121,83.942,0.19%,2638.300048828125,2658.10009765625,2638.199951171875,2657.60009765625,12
10-14-2024,14.8097,64.5,64.9,64.9,64.05,212.07K,0.62%,84.045,84.07,84.105,84.021,-0.07%,2655,2655.300048828125,2647.800048828125,2647.800048828125,40
10-15-2024,14.7868,64.4,64.6,64.7,64.05,125.66K,-0.16%,84.04,84.065,84.087,84.015,-0.01%,2661.39990234375,2661.39990234375,2661.39990234375,2661.39990234375,39
10-16-2024,14.9012,64.9,64.6,65,64.5,147.52K,0.78%,84.03,84.052,84.103,83.975,-0.01%,2674,2674,2674,2674,6
10-17-2024,14.9469,65.1,65.05,65.3,64.85,224.08K,0.31%,84.035,84.043,84.083,83.995,0.01%,2677.39990234375,2691.699951171875,2677.199951171875,2691,30
10-18-2024,15.0956,65.75,65.3,65.8,65.3,253.39K,1.00%,84.065,84.045,84.092,84.028,0.04%,2713.699951171875,2719.60009765625,2713.699951171875,2713.699951171875,29
10-21-2024,15.2327,66.35,65.8,66.9,65.75,302.39K,0.91%,84.07,84.08,84.094,84.037,0.01%,2721.89990234375,2738.39990234375,2719.5,2723.10009765625,52
10-22-2024,15.2212,66.3,66.6,66.65,66.1,388.23K,-0.08%,84.07,84.075,84.104,84.054,0.00%,2731.699951171875,2746,2728.60009765625,2744.199951171875,93
10-23-2024,15.3237,66.75,66.5,66.9,66.3,436.70K,0.68%,84.056,84.108,84.115,84.056,-0.02%,2742.5,2742.5,2714.199951171875,2714.39990234375,18
10-24-2024,15.2205,66.3,66.45,66.5,65.9,1.49M,-0.67%,84.05,84.093,84.1,84.05,-0.01%,2729,2736.10009765625,2729,2734.89990234375,27
10-25-2024,15.1402,65.95,66.5,66.5,65.75,231.34K,-0.53%,84.095,84.089,84.11,84.055,0.05%,2725.5,2742.39990234375,2725.5,2740.89990234375,29
10-28-2024,15.2087,66.25,66.5,66.5,66.05,1.12M,0.45%,84.06,84.087,84.1,84.054,-0.04%,2736.10009765625,2742.89990234375,2729.5,2742.89990234375,56
10-29-2024,15.3453,66.85,66.65,66.95,66.55,469.20K,0.91%,84.05,84.092,84.102,84.043,-0.01%,2768.39990234375,2768.39990234375,2768.39990234375,2768.39990234375,848
10-30-2024,15.471,67.4,68.85,68.85,67,1.27M,0.82%,84.08,84.063,84.11,84.056,0.04%,2774.60009765625,2789,2774.60009765625,2788.5,231
10-31-2024,15.4253,67.2,67.95,67.95,67.05,217.82K,-0.30%,84.061,84.094,84.142,84.06,-0.02%,2787.39990234375,2787.5,2733.5,2738.300048828125,849
11-04-2024,15.2997,66.65,66.95,67.05,66.1,563.01K,-0.60%,84.13,84.057,84.149,84.051,0.06%,2736.5,2737.10009765625,2736.10009765625,2736.10009765625,16
11-05-2024,15.2885,66.6,66.8,66.8,66.3,330.84K,-0.08%,84.109,84.151,84.18,84.088,-0.02%,2743,2743.89990234375,2740.300048828125,2740.300048828125,23
11-06-2024,15.2085,66.25,66.85,66.85,65.35,435.64K,-0.53%,84.31,84.115,84.355,84.115,0.24%,2734.5,2734.5,2659.39990234375,2667.60009765625,427
11-07-2024,14.9357,65.05,65.45,65.5,64.6,372.63K,-1.81%,84.293,84.311,84.395,84.26,-0.02%,2662.5,2699.10009765625,2662.5,2698.39990234375,676
11-08-2024,15.0604,65.6,65.8,66.25,65.4,291.39K,0.85%,84.395,84.312,84.401,84.302,0.12%,2688.5,2694.60009765625,2682.89990234375,2687.5,1038
11-11-2024,14.9347,65.05,65.5,65.55,64.8,148.89K,-0.84%,84.379,84.375,84.429,84.357,-0.02%,2671.699951171875,2671.699951171875,2611.199951171875,2611.199951171875,20
11-12-2024,14.5927,63.55,64.6,65.3,63.2,426.92K,-2.31%,84.38,84.381,84.428,84.364,0.00%,2605.5,2605.5,2592.800048828125,2600,118
11-13-2024,14.6269,63.7,64.35,64.4,63.5,159.81K,0.24%,84.416,84.38,84.432,84.36,0.04%,2611.10009765625,2611.800048828125,2580.800048828125,2580.800048828125,53
11-14-2024,14.352,62.5,63.2,63.2,62.2,205.22K,-1.88%,84.461,84.422,84.49,84.384,0.05%,2555.10009765625,2576.199951171875,2554.199951171875,2568.199951171875,27
11-18-2024,14.5695,63.45,63.9,63.95,62.8,198.40K,1.52%,84.398,84.444,84.461,84.371,-0.03%,2591.699951171875,2610.699951171875,2589.39990234375,2610.60009765625,136
11-19-2024,14.73,64.15,64.3,64.8,63.8,174.28K,1.10%,84.39,84.402,84.44,84.371,-0.01%,2621.89990234375,2627.699951171875,2619.300048828125,2627.10009765625,87
11-21-2024,14.9357,65.05,64.35,65.15,64.35,194.05K,1.40%,84.495,84.367,84.522,84.359,0.16%,2659.300048828125,2672.10009765625,2655.699951171875,2672.10009765625,33
11-22-2024,15.1072,65.8,65.45,65.95,65.3,101.57K,1.15%,84.426,84.5,84.523,84.401,-0.08%,2687.5,2710.5,2685.60009765625,2709.89990234375,41
11-25-2024,14.9136,64.95,65.75,65.75,64.6,452.56K,-1.29%,84.26,84.408,84.438,84.238,-0.20%,2689.39990234375,2689.39990234375,2616.800048828125,2616.800048828125,94
11-26-2024,14.697,64,64.4,64.45,63.65,137.25K,-1.46%,84.319,84.271,84.366,84.225,0.07%,2625.60009765625,2625.60009765625,2620.300048828125,2620.300048828125,177858
11-27-2024,14.8336,64.6,64.6,64.7,63.9,192.43K,0.94%,84.41,84.318,84.479,84.315,0.11%,2633.5,2657.89990234375,2627.199951171875,2639.89990234375,61653
11-28-2024,14.8336,64.6,64.5,64.95,64.2,105.41K,0.00%,84.445,84.441,84.524,84.432,0.04%,,,,,
11-29-2024,14.9136,64.95,64.9,65.15,64.65,95.79K,0.54%,84.559,84.476,84.64,84.459,0.13%,2636.39990234375,2664.300048828125,2620.699951171875,2657,3861
12-02-2024,14.7988,64.45,64.75,64.9,64.2,202.56K,-0.77%,84.74,84.572,84.761,84.56,0.21%,2649,2649.800048828125,2621.699951171875,2634.89990234375,695
12-03-2024,14.8675,64.75,64.85,64.9,64.05,98.28K,0.47%,84.676,84.726,84.8,84.63,-0.08%,2639,2654.699951171875,2636,2644.699951171875,1062
12-04-2024,14.833,64.6,64.95,64.95,64.4,177.27K,-0.23%,84.693,84.69,84.776,84.644,0.02%,2639.199951171875,2658.300048828125,2637,2653.800048828125,249
12-05-2024,14.8673,64.75,64.9,65.25,64.5,278.92K,0.23%,84.684,84.713,84.757,84.673,-0.01%,2652.39990234375,2655,2625.699951171875,2626.60009765625,573
12-06-2024,14.8557,64.7,64.8,64.8,64.45,148.51K,-0.08%,84.668,84.685,84.718,84.529,-0.02%,2620.199951171875,2643.10009765625,2617.5,2638.60009765625,571
12-09-2024,14.867,64.75,65.25,65.25,64.5,189.80K,0.08%,84.829,84.704,84.914,84.675,0.19%,2632.10009765625,2677.10009765625,2630.800048828125,2664.89990234375,935
12-10-2024,14.9929,65.3,64.9,65.45,64.9,330.13K,0.85%,84.88,84.848,84.914,84.775,0.06%,2662.300048828125,2698.199951171875,2661,2697.60009765625,437
12-11-2024,15.073,65.65,66,66.3,65.5,151.61K,0.54%,84.795,84.891,84.919,84.799,-0.10%,2701.800048828125,2733.800048828125,2693.10009765625,2733.800048828125,3387
12-12-2024,15.1874,66.15,66.45,66.45,65.85,92.52K,0.76%,84.825,84.847,84.902,84.823,0.04%,2725.10009765625,2725.10009765625,2677.39990234375,2687.5,2365
12-13-2024,14.9931,65.3,65.8,65.8,65.2,162.41K,-1.28%,84.782,84.828,84.896,84.766,-0.05%,2688.199951171875,2689.300048828125,2647.89990234375,2656,1125
12-16-2024,14.9471,65.1,65.2,65.25,64.75,76.13K,-0.31%,84.89,84.846,84.93,84.794,0.13%,2658.300048828125,2663.300048828125,2651,2651.39990234375,877
12-17-2024,14.8785,64.8,65.3,65.3,64.65,142.20K,-0.46%,84.902,84.882,84.955,84.877,0.01%,2651.800048828125,2652.300048828125,2632.5,2644.39990234375,705
12-18-2024,14.9241,65,65.3,65.3,64.65,204.23K,0.31%,84.867,84.907,84.975,84.84,-0.04%,2644.300048828125,2647.10009765625,2590.199951171875,2636.5,566
12-19-2024,14.7981,64.45,63.6,64.7,63.6,210.42K,-0.85%,85.088,85.035,85.148,84.992,0.26%,2582.10009765625,2610.300048828125,2582.10009765625,2592.199951171875,238
12-20-2024,14.695,64,64.3,64.35,63.85,229.74K,-0.70%,84.947,85.113,85.113,84.941,-0.17%,2605.300048828125,2631.60009765625,2604.89990234375,2628.699951171875,592
12-23-2024,14.832,64.6,64.3,64.8,64.1,146.61K,0.94%,85.095,84.96,85.141,84.924,0.17%,2620,2627.699951171875,2611.10009765625,2612.300048828125,451
12-24-2024,14.7623,64.3,64.6,64.6,64.05,556.50K,-0.46%,85.176,85.1,85.218,85.075,0.10%,2613,2620,2609.5,2620,35
12-26-2024,14.8195,64.55,65.1,65.1,64.35,60.38K,0.39%,85.254,85.201,85.319,85.195,0.07%,2628.5,2638.800048828125,2627.89990234375,2638.800048828125,84
12-27-2024,14.8653,64.75,65.25,65.25,64.25,51.05K,0.31%,85.388,85.253,85.823,85.229,0.16%,2617.699951171875,2617.699951171875,2616.39990234375,2617.199951171875,642
12-30-2024,14.8192,64.55,64.95,67,64.45,106.25K,-0.31%,85.474,85.437,85.605,85.426,0.10%,2620.699951171875,2626.89990234375,2597,2606.10009765625,794
12-31-2024,14.8421,64.65,64.8,64.85,64.35,49.70K,0.15%,85.554,85.538,85.687,85.516,0.09%,2608.39990234375,2629.199951171875,2604.89990234375,2629.199951171875,401
